LA,,Code,Persons All Ages,,Persons 0,,Persons 1-4,,Persons 5-9,,Persons 10-14,,Persons 15-19,,Persons 20-24,,Persons 25-29,,Persons 30-34,,Persons 35-39,,Persons 40-44,,Persons 45-49,,Persons 50-54,,Persons 55-59,,Persons 60-64,,Persons 65-69,,Persons 70-74,,Persons 75-79,,Persons 80-84,,"Persons 85-89 / 85+ 1,2",,Persons 90+ 1,,,,,
  City of London,,00AA,7.9,,0.0,,0.2,,0.2,,0.2,,0.2,,0.5,,0.9,,0.9,,0.8,,0.7,,0.5,,0.6,,0.6,,0.6,,0.3,,0.2,,0.2,,0.2,,0.1,,0.1,,,,,
  Barking and Dagenham,,00AB,168.9,,3.5,,12.2,,11.6,,11.9,,11.4,,12.3,,12.9,,12.2,,13.1,,13.5,,11.1,,8.7,,7.6,,6.8,,4.9,,4.5,,4.3,,3.4,,2.3,,0.9,,,,,
  Barnet,,00AC,331.5,,5.2,,18.3,,20.3,,20.1,,19.1,,20.7,,25.5,,26.8,,27.0,,26.8,,22.8,,19.3,,17.6,,15.9,,11.6,,10.6,,9.4,,7.1,,4.6,,2.8,,,,,
  Bexley,,00AD,223.3,,3.1,,11.2,,13.2,,14.4,,15.3,,13.7,,13.3,,13.5,,16.0,,18.1,,16.8,,13.9,,12.5,,12.5,,9.4,,8.7,,7.4,,5.5,,3.5,,1.3,,,,,
  Brent,,00AE,270.6,,4.7,,15.7,,14.4,,13.6,,15.2,,21.0,,27.4,,26.1,,22.4,,21.4,,18.5,,15.0,,12.6,,10.4,,9.3,,8.5,,6.6,,4.2,,2.4,,1.4,,,,,
  Bromley,,00AF,302.6,,4.1,,15.1,,18.3,,18.6,,18.2,,15.5,,17.7,,20.1,,23.5,,26.0,,22.6,,18.4,,17.1,,17.4,,12.6,,11.4,,10.6,,7.9,,5.2,,2.5,,,,,
  Camden,,00AG,235.7,,2.9,,10.4,,11.1,,9.6,,11.4,,22.3,,32.2,,31.9,,22.7,,18.0,,13.6,,10.7,,9.5,,8.5,,6.1,,4.9,,4.2,,3.1,,1.8,,0.8,,,,,
  Croydon,,00AH,341.8,,5.4,,18.6,,20.7,,21.7,,22.4,,22.0,,24.0,,25.0,,27.1,,29.1,,26.4,,21.2,,17.8,,16.5,,12.3,,10.7,,8.6,,6.4,,4.1,,2.0,,,,,
  Ealing,,00AJ,309.0,,5.5,,17.6,,16.7,,16.0,,16.8,,22.1,,29.9,,30.9,,27.6,,25.6,,20.8,,17.4,,15.0,,12.3,,9.7,,8.7,,6.5,,5.2,,3.3,,1.6,,,,,
  Enfield,,00AK,287.6,,4.9,,17.3,,18.1,,17.6,,18.1,,18.6,,21.1,,20.5,,22.4,,24.7,,21.5,,17.0,,14.4,,13.1,,10.3,,9.3,,7.7,,5.6,,3.4,,1.9,,,,,
  Greenwich,,00AL,222.9,,4.2,,14.3,,13.5,,12.5,,13.4,,16.4,,19.3,,19.5,,19.3,,18.0,,15.1,,12.1,,10.0,,9.4,,6.8,,6.0,,5.1,,4.0,,2.7,,1.3,,,,,
  Hackney,,00AM,212.2,,4.2,,14.7,,13.4,,11.7,,12.1,,16.0,,23.7,,22.8,,19.6,,17.5,,13.7,,10.2,,8.1,,6.4,,5.1,,4.6,,3.4,,2.6,,1.6,,0.9,,,,,
  Hammersmith and Fulham,,00AN,172.2,,2.6,,8.7,,8.4,,7.3,,7.5,,14.0,,21.5,,22.7,,17.3,,13.5,,10.3,,8.2,,6.9,,6.1,,4.9,,4.2,,3.4,,2.5,,1.8,,0.8,,,,,
  Haringey,,00AP,226.2,,4.2,,13.9,,12.7,,11.2,,12.2,,16.3,,24.3,,24.9,,21.8,,20.0,,15.6,,11.3,,9.3,,7.8,,6.2,,5.6,,4.3,,2.6,,1.5,,0.9,,,,,
  Harrow,,00AQ,216.2,,3.2,,11.6,,12.2,,12.7,,14.7,,13.3,,15.8,,16.5,,16.5,,16.8,,15.5,,13.8,,12.0,,10.7,,8.3,,7.6,,6.1,,4.5,,2.9,,1.5,,,,,
  Havering,,00AR,230.1,,2.7,,10.4,,12.9,,14.5,,15.3,,14.0,,13.9,,12.9,,15.4,,17.6,,17.4,,14.9,,13.8,,14.1,,10.1,,9.5,,8.8,,6.6,,3.9,,1.4,,,,,
  Hillingdon,,00AS,253.2,,4.0,,14.1,,15.2,,15.3,,17.3,,20.0,,18.4,,17.1,,19.3,,20.6,,17.9,,15.1,,12.9,,11.9,,8.9,,8.4,,7.0,,4.9,,3.2,,1.5,,,,,
  Hounslow,,00AT,222.6,,4.2,,13.5,,12.3,,11.6,,12.8,,16.6,,21.7,,21.1,,19.3,,18.0,,14.7,,12.6,,11.0,,9.2,,6.9,,6.1,,4.8,,3.3,,2.2,,0.8,,,,,
  Islington,,00AU,190.9,,2.7,,8.9,,8.9,,8.3,,9.4,,17.4,,26.3,,23.6,,18.3,,16.1,,11.9,,8.8,,7.1,,6.4,,4.9,,4.1,,3.6,,2.4,,1.4,,0.5,,,,,
  Kensington and Chelsea,,00AW,180.3,,2.1,,7.5,,9.2,,7.7,,7.5,,12.8,,19.2,,19.0,,16.5,,15.4,,12.2,,9.7,,9.3,,8.9,,7.0,,5.2,,4.3,,3.2,,2.3,,1.4,,,,,
  Kingston upon Thames,,00AX,160.1,,2.2,,8.2,,8.6,,8.4,,9.4,,13.3,,13.5,,14.5,,13.7,,13.0,,11.0,,9.1,,8.4,,7.4,,5.2,,4.3,,3.8,,2.9,,2.1,,1.0,,,,,
  Lambeth,,00AY,274.5,,4.6,,15.3,,13.9,,12.3,,12.6,,19.6,,35.6,,37.4,,28.8,,23.4,,17.1,,12.7,,10.0,,7.9,,6.5,,5.7,,4.7,,3.3,,2.0,,0.9,,,,,
  Lewisham,,00AZ,261.6,,4.7,,15.6,,14.7,,13.8,,14.7,,18.5,,24.5,,27.3,,25.9,,24.1,,19.1,,14.0,,10.7,,9.1,,7.0,,6.1,,5.0,,3.5,,2.2,,1.1,,,,,
  Merton,,00BA,201.4,,3.2,,10.8,,10.8,,10.1,,10.4,,13.0,,19.3,,22.2,,18.8,,16.7,,13.4,,11.1,,9.8,,8.2,,6.0,,5.5,,4.8,,3.6,,2.4,,1.2,,,,,
  Newham,,00BB,249.5,,5.9,,18.8,,16.5,,15.4,,17.0,,25.1,,25.8,,21.5,,20.1,,18.6,,15.7,,12.3,,9.3,,7.3,,6.0,,5.2,,3.8,,2.4,,1.8,,0.9,,,,,
  Redbridge,,00BC,257.6,,4.1,,15.0,,16.6,,16.8,,17.1,,17.0,,20.4,,20.9,,19.8,,19.3,,17.7,,15.6,,13.3,,11.6,,8.6,,7.8,,6.5,,5.0,,3.3,,1.4,,,,,
  Richmond upon Thames,,00BD,180.1,,2.9,,9.9,,11.3,,9.8,,9.0,,9.1,,11.1,,15.2,,17.0,,16.9,,13.5,,11.3,,10.3,,9.7,,6.3,,4.9,,4.4,,3.6,,2.5,,1.3,,,,,
  Southwark,,00BE,278.0,,4.7,,15.6,,13.8,,12.8,,13.7,,24.4,,34.9,,31.9,,26.5,,23.9,,18.6,,13.5,,10.2,,8.4,,6.8,,6.1,,5.0,,3.8,,2.4,,1.2,,,,,
  Sutton,,00BF,187.6,,2.6,,9.4,,11.1,,12.1,,11.7,,10.3,,12.8,,14.5,,16.3,,16.4,,14.1,,11.4,,9.7,,9.5,,6.6,,6.1,,5.3,,4.1,,2.6,,1.2,,,,,
  Tower Hamlets,,00BG,220.5,,4.0,,13.5,,13.0,,11.6,,12.2,,20.8,,30.6,,30.2,,21.4,,15.0,,11.3,,8.6,,6.7,,5.0,,4.5,,4.2,,3.5,,2.4,,1.4,,0.5,,,,,
  Waltham Forest,,00BH,223.2,,4.4,,14.6,,13.5,,12.7,,13.5,,16.1,,19.0,,20.6,,20.9,,18.7,,15.3,,11.6,,9.6,,8.7,,6.9,,5.9,,4.7,,3.3,,2.2,,1.0,,,,,
  Wandsworth,,00BJ,284.0,,4.8,,15.2,,13.0,,10.3,,10.3,,19.0,,39.0,,47.1,,30.5,,22.1,,15.4,,11.5,,10.3,,8.9,,6.9,,6.3,,5.1,,4.2,,2.9,,1.4,,,,,
  Westminster,,00BK,236.0,,2.7,,9.2,,9.3,,7.9,,10.5,,22.8,,31.8,,30.0,,22.2,,18.1,,13.8,,11.1,,10.5,,10.1,,7.1,,6.3,,5.2,,3.8,,2.4,,1.2,,,,,
  Bolton,,00BL,262.8,,3.8,,14.1,,16.0,,17.2,,18.0,,17.0,,15.6,,15.3,,19.3,,20.0,,18.3,,15.9,,15.6,,16.0,,12.2,,9.6,,7.8,,5.9,,3.6,,1.4,,,,,
  Bury,,00BM,183.1,,2.5,,9.2,,10.9,,11.7,,12.7,,11.3,,10.7,,10.9,,13.3,,14.7,,13.4,,11.2,,11.3,,11.1,,8.2,,7.1,,5.4,,4.0,,2.5,,1.1,,,,,
  Manchester,,00BN,464.2,,7.4,,25.1,,23.5,,23.1,,32.4,,61.2,,58.7,,37.5,,31.8,,29.9,,25.4,,21.5,,19.0,,16.7,,13.6,,12.2,,10.3,,7.7,,5.0,,2.4,,,,,
  Oldham,,00BP,219.7,,3.4,,12.6,,14.6,,14.8,,15.5,,15.0,,13.0,,12.6,,15.8,,16.7,,15.0,,13.0,,12.8,,12.6,,9.6,,7.9,,5.9,,4.4,,3.0,,1.2,,,,,
  Rochdale,,00BQ,206.3,,3.1,,11.2,,12.6,,13.7,,14.9,,14.1,,12.7,,12.1,,14.8,,15.4,,14.5,,13.1,,12.7,,11.7,,8.4,,7.3,,6.0,,4.4,,2.6,,1.1,,,,,
  Salford,,00BR,221.3,,3.3,,11.0,,11.4,,12.3,,14.9,,19.9,,18.6,,14.5,,15.5,,15.7,,14.8,,12.4,,11.8,,11.6,,9.0,,8.4,,6.8,,4.8,,3.2,,1.3,,,,,
  Stockport,,00BS,281.0,,3.4,,12.9,,15.4,,17.2,,18.3,,16.4,,15.2,,15.8,,20.6,,23.0,,20.9,,18.3,,17.3,,17.4,,13.3,,12.0,,10.0,,7.2,,4.4,,2.1,,,,,
  Tameside,,00BT,215.5,,3.0,,10.5,,12.1,,13.4,,15.2,,14.3,,12.9,,12.4,,16.1,,17.7,,15.7,,12.9,,13.0,,13.1,,9.7,,8.2,,6.3,,4.5,,3.0,,1.3,,,,,
  Trafford,,00BU,212.8,,2.9,,10.9,,12.4,,12.8,,13.6,,12.1,,12.9,,14.1,,16.3,,17.5,,16.1,,13.4,,12.2,,11.4,,8.7,,8.5,,7.1,,5.0,,3.3,,1.5,,,,,
  Wigan,,00BW,306.8,,4.0,,14.5,,17.0,,18.7,,20.4,,19.2,,18.0,,18.1,,23.5,,24.6,,22.0,,18.9,,19.1,,20.5,,15.9,,12.2,,9.0,,6.1,,3.7,,1.4,,,,,
  Knowsley,,00BX,150.8,,2.0,,7.4,,8.9,,9.9,,11.3,,11.5,,8.8,,8.0,,10.6,,11.9,,11.5,,9.9,,8.5,,7.5,,6.3,,6.2,,5.1,,3.2,,1.7,,0.6,,,,,
  Liverpool,,00BY,434.9,,5.4,,19.4,,21.9,,23.4,,31.0,,46.8,,37.3,,24.9,,28.7,,29.8,,30.4,,26.8,,24.1,,21.4,,17.1,,16.4,,13.8,,9.2,,5.1,,2.0,,,,,
  St. Helens,,00BZ,177.5,,2.1,,8.1,,9.7,,11.1,,12.4,,11.0,,10.2,,9.9,,13.0,,13.5,,12.6,,11.4,,11.5,,11.5,,9.0,,7.8,,5.9,,4.0,,2.3,,0.9,,,,,
  Sefton,,00CA,275.1,,2.7,,11.1,,14.2,,17.0,,19.5,,17.1,,13.4,,12.0,,17.0,,20.6,,21.0,,19.0,,17.6,,17.6,,14.5,,14.1,,11.6,,8.2,,4.8,,2.2,,,,,
  Wirral,,00CB,309.5,,3.8,,14.5,,17.4,,19.3,,21.0,,19.4,,15.5,,14.8,,20.1,,22.6,,22.4,,20.3,,20.4,,20.0,,15.5,,13.7,,12.0,,8.9,,5.4,,2.5,,,,,
  Barnsley,,00CC,225.9,,2.8,,10.6,,12.1,,14.2,,14.8,,13.9,,12.9,,12.1,,16.9,,18.5,,16.6,,14.9,,14.2,,14.5,,10.7,,9.4,,7.3,,5.3,,3.0,,1.3,,,,,
  Doncaster,,00CE,291.6,,3.8,,13.9,,16.3,,17.9,,19.6,,19.1,,17.1,,15.6,,19.8,,22.3,,21.6,,19.2,,18.1,,18.2,,13.7,,12.3,,10.2,,7.2,,4.1,,1.6,,,,,
  Rotherham,,00CF,253.9,,3.2,,11.9,,14.6,,16.1,,17.1,,15.6,,14.8,,13.9,,18.3,,19.6,,18.5,,16.6,,15.8,,16.1,,12.1,,10.6,,8.1,,5.7,,3.6,,1.4,,,,,
  Sheffield,,00CG,534.5,,6.6,,24.1,,26.8,,29.5,,36.9,,54.9,,43.1,,31.6,,37.0,,37.9,,35.4,,30.1,,27.8,,28.8,,22.7,,20.6,,16.6,,12.3,,8.0,,3.7,,,,,
  Gateshead,,00CH,190.6,,2.2,,8.4,,10.0,,10.9,,12.5,,12.1,,12.4,,11.2,,13.2,,14.5,,14.1,,12.4,,11.4,,11.7,,9.1,,8.7,,7.2,,4.9,,2.7,,1.1,,,,,
  Newcastle upon Tyne,,00CJ,273.6,,3.2,,11.7,,13.4,,14.2,,19.4,,34.6,,24.8,,15.2,,16.1,,18.1,,18.2,,16.2,,14.2,,13.1,,10.1,,10.1,,8.7,,6.3,,4.1,,1.8,,,,,
  North Tyneside,,00CK,197.3,,2.4,,9.0,,10.1,,11.0,,12.2,,11.8,,12.5,,12.0,,14.1,,15.2,,14.5,,13.5,,12.8,,12.0,,8.8,,8.3,,7.3,,5.3,,3.2,,1.3,,,,,
  South Tyneside,,00CL,151.6,,1.7,,6.3,,7.6,,9.1,,10.2,,10.4,,9.5,,8.3,,10.0,,11.5,,11.5,,10.2,,9.3,,8.7,,6.9,,6.7,,5.8,,4.1,,2.6,,1.0,,,,,
  Sunderland,,00CM,280.3,,3.3,,12.2,,14.3,,16.5,,18.8,,20.3,,19.3,,15.2,,19.6,,21.0,,20.4,,19.0,,17.7,,16.6,,12.7,,12.0,,9.9,,6.4,,3.6,,1.3,,,,,
  Birmingham,,00CN,"1,016.8",,16.9,,61.0,,66.2,,65.9,,74.0,,94.2,,87.5,,67.1,,70.8,,70.3,,62.4,,52.8,,47.8,,43.6,,35.8,,32.8,,27.9,,20.6,,13.2,,6.2,,,,,
  Coventry,,00CQ,309.8,,4.5,,15.9,,17.2,,18.3,,22.7,,30.1,,25.1,,19.9,,21.7,,21.5,,19.7,,17.2,,15.3,,15.0,,12.2,,11.0,,9.0,,6.9,,4.7,,2.0,,,,,
  Dudley,,00CR,306.5,,3.7,,14.2,,16.9,,19.1,,20.0,,18.1,,17.5,,17.0,,22.4,,23.5,,21.2,,19.1,,19.2,,19.5,,15.8,,13.8,,11.2,,7.7,,4.6,,1.8,,,,,
  Sandwell,,00CS,289.1,,4.7,,16.0,,17.6,,18.0,,19.7,,19.6,,19.2,,18.4,,21.6,,22.2,,19.3,,16.6,,15.4,,14.7,,12.6,,11.3,,9.3,,6.7,,4.3,,1.7,,,,,
  Solihull,,00CT,205.5,,2.2,,9.1,,11.8,,13.7,,14.2,,12.1,,10.7,,10.0,,14.0,,16.2,,15.7,,13.0,,12.6,,13.6,,9.9,,8.6,,7.5,,5.8,,3.3,,1.4,,,,,
  Walsall,,00CU,255.4,,3.7,,13.6,,15.9,,16.7,,17.1,,16.9,,15.0,,13.9,,17.9,,18.7,,17.4,,15.1,,14.7,,14.7,,12.6,,11.0,,9.1,,6.1,,3.7,,1.6,,,,,
  Wolverhampton,,00CW,236.4,,3.3,,12.3,,13.3,,14.3,,16.0,,16.6,,16.5,,14.3,,17.2,,17.0,,15.9,,13.9,,13.4,,12.2,,10.5,,9.7,,8.5,,6.1,,3.7,,1.7,,,,,
  Bradford,,00CX,501.7,,8.5,,30.9,,33.6,,33.3,,34.8,,40.0,,38.5,,32.1,,35.0,,34.5,,32.8,,29.2,,26.6,,24.2,,18.0,,16.9,,13.8,,10.2,,6.2,,2.8,,,,,
  Calderdale,,00CY,201.8,,2.7,,10.2,,11.8,,12.7,,13.2,,12.1,,11.7,,11.7,,15.2,,16.1,,15.0,,13.4,,12.7,,12.3,,8.7,,7.4,,6.1,,4.5,,3.0,,1.4,,,,,
  Kirklees,,00CZ,403.9,,5.8,,21.4,,24.6,,25.9,,27.5,,29.7,,26.1,,23.5,,29.7,,30.0,,27.9,,25.1,,24.1,,23.6,,16.6,,14.5,,11.5,,8.6,,5.5,,2.3,,,,,
  Leeds,,00DA,770.8,,9.4,,34.3,,38.2,,42.1,,53.9,,85.7,,72.4,,50.5,,52.4,,53.3,,48.6,,41.9,,39.3,,38.1,,29.3,,27.1,,22.4,,16.3,,10.4,,5.1,,,,,
  Wakefield,,00DB,322.3,,4.0,,14.8,,17.5,,19.6,,21.3,,20.2,,18.5,,17.8,,24.4,,26.0,,23.9,,21.5,,20.5,,20.3,,14.8,,12.9,,10.3,,7.4,,4.5,,2.0,,,,,
Hartlepool UA,,00EB,91.7,,1.2,,4.5,,5.3,,6.0,,6.4,,6.3,,5.5,,4.8,,6.1,,7.0,,7.0,,5.9,,5.7,,5.2,,4.1,,4.0,,3.1,,2.0,,1.2,,0.4,,,,,
Middlesbrough UA,,00EC,139.0,,2.0,,7.2,,7.9,,8.7,,10.2,,12.6,,9.9,,7.4,,8.7,,9.8,,9.9,,8.9,,7.8,,7.0,,5.6,,5.2,,4.5,,3.1,,1.8,,0.8,,,,,
Redcar and Cleveland UA,,00EE,139.5,,1.6,,6.2,,7.6,,8.5,,9.5,,9.0,,7.6,,6.8,,8.9,,10.4,,10.2,,9.1,,9.2,,9.6,,7.5,,6.3,,5.1,,3.5,,2.2,,0.9,,,,,
Stockton-on-Tees UA,,00EF,191.9,,2.4,,9.2,,10.8,,12.3,,13.3,,13.4,,11.5,,11.4,,13.7,,14.7,,14.5,,12.9,,11.8,,11.2,,8.2,,7.3,,6.1,,4.0,,2.4,,0.9,,,,,
Darlington UA,,00EH,100.5,,1.3,,5.0,,5.7,,6.0,,6.4,,5.9,,5.7,,5.7,,7.1,,7.6,,7.5,,6.6,,6.4,,6.4,,4.7,,4.3,,3.4,,2.6,,1.6,,0.8,,,,,
County Durham UA3,,00EJ,508.5,,5.7,,21.8,,25.7,,29.3,,34.1,,38.4,,30.2,,25.7,,34.1,,38.9,,36.7,,34.1,,33.0,,33.2,,25.1,,22.3,,17.6,,12.4,,7.1,,3.0,,,,,
Northumberland UA3,,00EM,311.0,,3.2,,12.5,,16.2,,17.8,,19.0,,17.0,,15.0,,14.6,,19.7,,23.4,,24.1,,22.8,,22.9,,23.3,,17.0,,14.8,,11.9,,8.7,,5.0,,2.3,,,,,
Cheshire East UA3,,00EQ,361.5,,4.1,,15.7,,20.0,,22.0,,22.2,,18.8,,17.5,,19.0,,25.8,,29.3,,27.9,,23.9,,24.0,,25.1,,18.6,,16.1,,12.9,,9.7,,6.2,,2.8,,,,,
Halton UA,,00ET,119.8,,1.6,,6.3,,7.2,,7.4,,8.4,,8.3,,7.4,,6.9,,8.5,,8.7,,8.8,,8.2,,8.2,,7.1,,5.2,,4.3,,3.4,,2.2,,1.3,,0.5,,,,,
Warrington UA,,00EU,196.2,,2.4,,9.3,,11.4,,12.2,,12.7,,11.9,,11.1,,11.3,,15.0,,16.7,,15.3,,12.6,,12.0,,12.0,,9.4,,7.5,,5.7,,4.1,,2.5,,1.1,,,,,
Cheshire West and Chester UA3,,00EW,328.6,,3.9,,14.5,,17.7,,19.8,,21.6,,20.7,,17.4,,17.6,,23.2,,25.7,,24.4,,21.3,,21.3,,21.7,,16.4,,14.2,,11.6,,8.4,,5.1,,2.2,,,,,
Blackburn with Darwen UA,,00EX,140.7,,2.3,,8.7,,10.2,,10.6,,10.8,,10.0,,8.8,,8.7,,10.3,,10.3,,9.4,,8.1,,7.6,,6.8,,5.2,,4.5,,3.6,,2.6,,1.6,,0.6,,,,,
Blackpool UA,,00EY,141.9,,1.7,,6.5,,7.4,,8.5,,9.5,,9.1,,7.5,,6.9,,9.6,,10.9,,10.4,,9.1,,8.7,,9.3,,7.5,,6.5,,5.3,,4.0,,2.5,,1.1,,,,,
"Kingston upon Hull, City of UA",,00FA,258.7,,3.6,,12.3,,13.0,,15.3,,17.9,,24.6,,23.3,,16.8,,17.7,,18.6,,17.5,,15.0,,13.9,,12.7,,9.6,,9.1,,7.7,,5.5,,3.1,,1.3,,,,,
East Riding of Yorkshire UA,,00FB,335.0,,3.2,,13.0,,17.1,,19.8,,21.4,,17.8,,14.3,,15.8,,22.6,,25.4,,25.0,,22.8,,23.9,,25.9,,19.4,,16.7,,13.2,,9.2,,5.8,,2.7,,,,,
North East Lincolnshire UA ,,00FC,158.2,,2.0,,7.5,,8.9,,10.1,,11.5,,10.7,,8.7,,8.0,,10.5,,12.0,,11.5,,10.0,,9.7,,9.7,,7.5,,6.9,,5.6,,3.9,,2.4,,1.1,,,,,
North Lincolnshire UA,,00FD,160.3,,1.9,,7.4,,8.9,,9.9,,10.3,,8.9,,8.0,,8.0,,11.1,,12.6,,11.9,,10.9,,10.9,,10.9,,8.3,,7.1,,5.6,,4.0,,2.4,,1.1,,,,,
York UA,,00FF,195.4,,2.1,,7.6,,9.0,,9.7,,13.1,,20.2,,16.1,,11.9,,13.5,,13.8,,12.8,,11.2,,11.1,,11.1,,8.3,,7.8,,6.5,,5.0,,3.3,,1.4,,,,,
Derby UA,,00FK,239.2,,3.6,,12.0,,13.6,,14.4,,16.1,,19.6,,17.7,,15.2,,17.3,,18.0,,15.7,,13.3,,12.5,,12.7,,9.7,,8.9,,7.8,,5.8,,3.8,,1.5,,,,,
Leicester UA,,00FN,294.7,,5.0,,17.7,,17.8,,17.3,,20.2,,31.7,,26.4,,20.5,,21.1,,20.0,,18.7,,16.4,,14.5,,11.7,,9.4,,8.6,,7.1,,5.5,,3.4,,1.5,,,,,
Rutland UA,,00FP,39.2,,0.4,,1.5,,2.0,,2.8,,4.2,,1.5,,1.7,,1.9,,2.6,,2.9,,2.7,,2.4,,2.5,,2.7,,2.2,,1.8,,1.4,,1.0,,0.7,,0.3,,,,,
Nottingham UA,,00FY,292.4,,4.1,,13.5,,13.9,,14.3,,22.6,,44.6,,31.5,,20.0,,19.7,,19.2,,16.9,,13.7,,12.1,,11.2,,8.7,,8.3,,7.5,,5.5,,3.4,,1.4,,,,,
"Herefordshire, County of UA",,00GA,179.3,,1.9,,7.1,,9.3,,10.7,,11.2,,8.6,,7.6,,8.1,,11.3,,13.5,,13.1,,12.6,,12.8,,13.6,,10.6,,9.0,,7.4,,5.6,,3.6,,1.6,,,,,
Telford and Wrekin UA,,00GF,162.1,,2.1,,8.3,,9.9,,10.9,,11.5,,10.5,,9.1,,9.2,,12.5,,13.2,,11.6,,10.3,,10.2,,9.7,,7.4,,5.7,,4.3,,2.9,,1.8,,0.9,,,,,
Shropshire UA3,,00GG,292.8,,3.1,,11.7,,15.5,,18.2,,19.9,,14.3,,12.9,,13.4,,19.5,,22.4,,21.4,,19.5,,20.3,,22.0,,16.9,,14.0,,11.6,,8.5,,5.3,,2.4,,,,,
Stoke-on-Trent UA,,00GL,240.1,,3.9,,12.5,,12.9,,13.5,,16.2,,18.5,,16.7,,14.0,,16.9,,17.1,,16.4,,14.8,,14.1,,14.2,,10.8,,9.2,,7.8,,5.8,,3.5,,1.3,,,,,
Bath and North East Somerset UA,,00HA,180.3,,1.8,,7.1,,9.1,,10.0,,12.8,,17.6,,12.7,,10.0,,11.7,,12.9,,12.0,,10.9,,10.1,,10.6,,7.8,,7.0,,6.3,,5.1,,3.2,,1.4,,,,,
"Bristol, City of UA",,00HB,421.3,,6.0,,19.7,,20.2,,20.1,,25.6,,47.8,,46.5,,34.5,,31.1,,28.9,,25.6,,22.2,,19.8,,18.4,,14.3,,12.2,,11.1,,8.9,,5.9,,2.4,,,,,
North Somerset UA,,00HC,206.8,,2.3,,9.2,,11.5,,12.0,,12.0,,10.8,,10.5,,10.7,,14.2,,16.2,,14.6,,13.4,,13.7,,15.1,,10.9,,9.3,,7.9,,6.1,,4.3,,2.1,,,,,
South Gloucestershire UA,,00HD,257.7,,3.2,,11.8,,14.6,,16.4,,16.7,,15.7,,15.4,,15.8,,19.5,,21.4,,19.3,,15.9,,15.1,,15.9,,12.0,,10.1,,8.3,,5.7,,3.4,,1.5,,,,,
Cornwall UA3,,00HE,532.2,,5.3,,20.8,,27.4,,31.1,,32.9,,29.6,,25.4,,25.4,,34.0,,38.0,,36.6,,34.9,,37.8,,42.7,,31.0,,25.9,,21.2,,16.2,,10.7,,5.4,,,,,
Isles of Scilly UA3,,00HF,2.1,,0.0,,0.1,,0.1,,0.1,,0.1,,0.1,,0.1,,0.1,,0.1,,0.2,,0.1,,0.1,,0.2,,0.2,,0.1,,0.1,,0.1,,0.1,,0.0,,0.0,,,,,
Plymouth UA,,00HG,252.8,,3.2,,11.3,,12.5,,13.8,,17.7,,25.6,,19.5,,14.0,,16.9,,18.0,,16.5,,15.0,,14.1,,14.7,,11.0,,9.5,,8.0,,5.8,,3.9,,1.8,,,,,
Torbay UA,,00HH,134.0,,1.4,,5.4,,6.5,,7.4,,8.4,,7.4,,6.2,,6.1,,7.9,,9.4,,9.2,,8.6,,9.0,,10.1,,8.1,,6.9,,5.8,,4.9,,3.3,,1.9,,,,,
Bournemouth UA,,00HN,163.9,,2.0,,6.5,,7.2,,8.0,,10.0,,15.2,,12.5,,10.6,,10.8,,11.2,,10.3,,9.3,,8.8,,9.4,,7.1,,6.7,,6.5,,5.5,,3.9,,2.1,,,,,
Poole UA,,00HP,138.8,,1.7,,6.2,,7.1,,7.6,,9.2,,7.5,,7.0,,7.2,,9.5,,10.2,,9.8,,8.7,,8.7,,9.6,,7.1,,6.5,,5.9,,4.7,,3.2,,1.5,,,,,
Swindon UA,,00HX,192.9,,2.9,,10.1,,11.2,,11.6,,11.8,,11.7,,12.9,,14.4,,15.8,,16.2,,14.7,,11.9,,10.5,,10.1,,7.6,,6.6,,5.6,,4.0,,2.4,,0.9,,,,,
Wiltshire UA3,,00HY,455.5,,5.3,,21.0,,27.2,,29.7,,30.3,,22.9,,21.7,,24.4,,33.3,,36.7,,34.3,,29.4,,28.9,,29.9,,22.4,,19.0,,15.8,,11.7,,7.8,,3.6,,,,,
Peterborough UA,,00JA,164.0,,2.8,,9.4,,10.0,,10.3,,10.7,,10.6,,11.5,,11.3,,12.8,,12.6,,11.1,,9.7,,9.2,,8.7,,6.4,,5.6,,4.8,,3.5,,2.1,,0.7,,,,,
Luton UA,,00KA,191.8,,3.6,,12.2,,12.3,,12.1,,13.1,,16.9,,16.7,,13.4,,13.8,,14.0,,12.1,,10.4,,9.4,,8.5,,6.6,,6.4,,4.7,,3.2,,1.8,,0.7,,,,,
Bedford UA3,,00KB,155.7,,2.1,,7.5,,9.2,,10.1,,10.1,,9.5,,9.6,,10.1,,11.7,,12.5,,11.4,,9.7,,9.2,,8.9,,6.5,,5.8,,4.8,,3.6,,2.3,,1.1,,,,,
Central Bedfordshire UA3,,00KC,255.0,,3.3,,12.5,,15.2,,15.8,,16.1,,14.4,,15.0,,16.0,,20.1,,21.8,,20.2,,16.8,,15.6,,15.5,,11.0,,9.3,,7.2,,5.0,,3.0,,1.3,,,,,
Southend-on-Sea UA,,00KF,164.3,,2.2,,8.1,,9.2,,9.7,,10.0,,10.0,,10.1,,10.0,,11.7,,12.4,,11.6,,9.8,,9.5,,10.2,,7.4,,6.6,,6.0,,4.8,,3.4,,1.6,,,,,
Thurrock UA,,00KG,151.6,,2.4,,8.5,,9.6,,9.9,,9.8,,9.3,,10.0,,11.0,,12.3,,12.7,,10.4,,8.7,,8.7,,8.4,,5.8,,4.6,,3.8,,3.1,,1.8,,0.7,,,,,
Medway  UA,,00LC,253.5,,3.4,,12.8,,15.3,,16.8,,18.0,,16.8,,16.4,,15.9,,18.8,,20.2,,18.8,,16.0,,14.9,,15.0,,10.5,,8.7,,6.8,,4.6,,2.9,,1.1,,,,,
Bracknell Forest UA,,00MA,114.7,,1.5,,5.8,,6.8,,7.6,,8.2,,6.4,,7.8,,8.7,,9.9,,10.0,,8.9,,7.4,,6.3,,5.7,,3.9,,3.4,,2.7,,1.9,,1.2,,0.6,,,,,
West Berkshire UA,,00MB,152.8,,2.1,,7.6,,9.3,,10.3,,10.8,,6.7,,7.9,,10.0,,12.3,,13.1,,11.8,,10.2,,9.5,,9.4,,6.4,,5.1,,4.2,,3.1,,2.0,,0.9,,,,,
Reading UA,,00MC,145.7,,2.5,,7.6,,7.4,,7.3,,9.1,,14.8,,14.5,,13.6,,11.7,,10.4,,8.9,,7.3,,6.5,,6.2,,4.6,,4.2,,3.5,,2.8,,1.8,,0.9,,,,,
Slough UA,,00MD,121.2,,2.5,,7.9,,7.4,,7.4,,7.5,,8.3,,10.0,,11.0,,10.2,,9.3,,8.3,,7.0,,5.9,,4.8,,3.7,,3.2,,2.9,,2.0,,1.2,,0.6,,,,,
Windsor and Maidenhead UA,,00ME,142.8,,1.8,,6.9,,8.4,,9.4,,10.1,,6.2,,8.5,,9.9,,11.3,,11.8,,10.6,,8.9,,8.6,,8.5,,5.9,,5.1,,4.5,,3.2,,2.1,,0.9,,,,,
Wokingham UA,,00MF,159.1,,1.9,,7.8,,9.5,,10.3,,11.0,,10.4,,9.4,,10.7,,12.4,,13.3,,12.3,,10.1,,9.2,,9.3,,6.4,,5.4,,4.2,,2.7,,1.9,,0.9,,,,,
Milton Keynes UA,,00MG,232.2,,3.7,,13.4,,14.8,,14.9,,15.0,,14.6,,16.0,,17.3,,19.5,,19.3,,17.1,,15.3,,14.0,,11.9,,7.8,,5.9,,4.7,,3.5,,2.3,,1.0,,,,,
Brighton and Hove UA,,00ML,256.6,,3.2,,11.0,,12.0,,12.2,,15.7,,24.0,,22.0,,20.6,,22.9,,21.6,,17.2,,13.8,,12.1,,11.6,,8.8,,8.1,,7.2,,5.8,,4.1,,2.4,,,,,
Portsmouth UA,,00MR,200.0,,2.6,,9.0,,9.9,,10.1,,13.5,,23.4,,20.3,,13.6,,14.0,,14.0,,12.8,,10.7,,9.3,,9.5,,7.1,,6.3,,5.4,,4.2,,3.0,,1.4,,,,,
Southampton UA,,00MS,234.6,,3.2,,10.2,,10.6,,11.3,,16.7,,31.3,,25.9,,17.1,,15.7,,15.0,,13.3,,11.9,,11.0,,10.5,,8.0,,6.7,,6.2,,4.9,,3.4,,1.7,,,,,
Isle of Wight UA,,00MW,140.2,,1.3,,5.2,,6.9,,8.3,,8.5,,7.4,,6.0,,6.1,,8.3,,10.1,,9.7,,9.2,,9.6,,11.5,,8.9,,7.2,,6.2,,4.9,,3.4,,1.7,,,,,
  Isle of Anglesey,,00NA,69.0,,0.8,,2.9,,3.7,,4.1,,4.4,,3.9,,3.4,,3.2,,4.3,,4.6,,4.6,,4.5,,5.0,,5.5,,4.3,,3.5,,2.7,,2.0,,1.2,,0.6,,,,,
  Gwynedd,,00NC,118.2,,1.2,,4.9,,6.4,,7.1,,7.9,,8.8,,6.5,,5.6,,7.1,,7.7,,7.6,,7.3,,7.8,,8.6,,6.6,,5.5,,4.8,,3.6,,2.2,,0.9,,,,,
  Conwy,,00NE,112.0,,1.2,,4.4,,5.7,,6.6,,7.1,,5.4,,4.9,,4.9,,6.7,,7.8,,7.8,,7.1,,7.5,,8.4,,7.1,,6.4,,5.2,,4.1,,2.6,,1.2,,,,,
  Denbighshire,,00NG,97.6,,1.1,,4.0,,5.3,,5.9,,6.4,,5.3,,4.6,,4.7,,6.1,,6.9,,6.8,,6.2,,6.9,,7.1,,5.7,,4.7,,3.8,,3.0,,2.0,,1.0,,,,,
  Flintshire,,00NJ,151.0,,1.8,,6.8,,8.5,,9.4,,9.7,,8.8,,8.4,,8.5,,11.0,,11.9,,11.1,,9.6,,10.0,,10.3,,7.8,,6.3,,4.7,,3.3,,2.1,,1.0,,,,,
  Wrexham,,00NL,132.9,,1.7,,6.3,,7.4,,7.9,,8.4,,8.3,,8.5,,7.5,,9.8,,9.9,,9.1,,8.6,,8.7,,8.7,,6.5,,5.2,,4.3,,3.2,,2.0,,1.0,,,,,
  Powys,,00NN,132.6,,1.3,,5.2,,6.9,,8.3,,8.5,,6.1,,5.2,,5.7,,7.9,,9.6,,9.5,,9.0,,10.0,,10.8,,8.2,,6.7,,5.5,,4.3,,2.7,,1.2,,,,,
  Ceredigion,,00NQ,78.0,,0.6,,2.6,,3.5,,4.2,,5.8,,8.6,,4.3,,2.8,,3.9,,4.7,,5.0,,5.0,,5.4,,5.9,,4.4,,3.7,,3.0,,2.4,,1.5,,0.7,,,,,
  Pembrokeshire,,00NS,118.8,,1.3,,5.0,,6.7,,7.6,,7.9,,6.1,,5.5,,5.4,,7.0,,8.1,,8.3,,7.8,,8.5,,9.1,,7.2,,6.0,,4.8,,3.4,,2.1,,1.0,,,,,
  Carmarthenshire,,00NU,180.5,,2.0,,7.6,,9.7,,11.2,,11.7,,10.1,,9.0,,8.6,,10.9,,12.6,,12.5,,12.2,,12.6,,13.3,,10.4,,8.7,,7.0,,5.6,,3.4,,1.3,,,,,
  Swansea,,00NX,229.1,,2.7,,10.0,,12.0,,12.6,,15.4,,19.9,,15.0,,12.0,,14.2,,15.7,,15.5,,14.4,,13.8,,14.2,,11.2,,10.0,,8.5,,6.2,,4.1,,1.7,,,,,
  Neath Port Talbot,,00NZ,137.6,,1.6,,6.2,,7.2,,8.3,,9.1,,8.5,,7.5,,7.2,,8.8,,10.1,,10.2,,9.4,,9.2,,9.1,,7.0,,6.1,,5.0,,3.8,,2.4,,1.1,,,,,
  Bridgend,,00PB,134.8,,1.6,,6.2,,7.7,,8.3,,8.7,,8.2,,7.3,,7.6,,9.7,,10.5,,9.9,,8.5,,8.6,,8.7,,6.9,,5.8,,4.6,,3.2,,2.1,,0.8,,,,,
  The Vale of Glamorgan,,00PD,124.9,,1.5,,5.5,,7.3,,8.3,,8.9,,7.5,,6.6,,6.4,,8.1,,9.3,,9.1,,8.3,,7.9,,8.1,,6.4,,5.1,,4.3,,3.3,,2.0,,0.9,,,,,
"  Rhondda, Cynon, Taff",,00PF,234.1,,2.9,,11.0,,13.1,,14.5,,15.9,,16.4,,15.2,,13.2,,16.3,,17.0,,15.8,,14.4,,14.7,,14.7,,11.1,,9.4,,7.6,,5.7,,3.7,,1.5,,,,,
  Merthyr Tydfil,,00PH,55.7,,0.8,,2.7,,3.1,,3.5,,4.0,,3.8,,3.2,,2.8,,3.8,,4.3,,3.9,,3.5,,3.6,,3.4,,2.7,,2.3,,1.8,,1.3,,0.8,,0.3,,,,,
  Caerphilly,,00PK,172.4,,2.2,,8.3,,10.3,,11.1,,11.8,,11.0,,10.0,,10.1,,12.5,,12.7,,12.0,,10.9,,11.0,,10.8,,8.3,,6.9,,5.3,,3.9,,2.4,,1.0,,,,,
  Blaenau Gwent,,00PL,69.1,,0.9,,2.9,,3.7,,4.4,,5.1,,4.7,,3.8,,3.6,,4.6,,5.2,,4.8,,4.1,,4.4,,4.6,,3.7,,2.9,,2.3,,1.7,,1.1,,0.5,,,,,
  Torfaen,,00PM,91.1,,1.1,,4.3,,4.9,,5.9,,6.4,,5.9,,4.9,,4.7,,5.9,,6.6,,6.5,,5.8,,6.0,,5.9,,4.5,,3.9,,3.3,,2.5,,1.5,,0.6,,,,,
  Monmouthshire,,00PP,88.4,,0.9,,3.7,,4.7,,5.8,,5.9,,4.0,,3.5,,3.7,,5.7,,7.1,,6.8,,6.2,,6.4,,6.5,,5.1,,4.2,,3.4,,2.6,,1.5,,0.8,,,,,
  Newport,,00PR,140.7,,1.9,,6.8,,8.5,,9.5,,10.1,,10.2,,8.0,,7.5,,9.8,,10.8,,9.9,,8.4,,8.2,,8.1,,6.5,,5.6,,4.5,,3.3,,2.3,,0.9,,,,,
  Cardiff,,00PT,324.8,,4.4,,15.4,,16.9,,18.7,,23.7,,37.9,,29.4,,21.0,,21.4,,22.1,,20.6,,17.8,,16.5,,14.9,,11.3,,10.3,,9.0,,7.0,,4.7,,1.8,,,,,
Aberdeen City,,00QA,210.4,,2.5,,8.5,,9.8,,10.1,,12.6,,18.4,,18.8,,14.8,,15.0,,15.2,,15.2,,14.0,,12.5,,11.0,,8.6,,7.9,,7.0,,4.7,,2.8,,1.2,,,,,
Aberdeenshire,,00QB,241.5,,2.8,,11.1,,13.9,,15.4,,15.2,,12.4,,11.0,,12.5,,18.0,,20.2,,19.4,,18.4,,17.0,,15.9,,11.6,,9.5,,7.3,,5.3,,3.1,,1.5,,,,,
Angus,,00QC,110.3,,1.2,,4.7,,5.9,,6.6,,6.7,,5.6,,4.9,,5.2,,7.4,,8.4,,8.6,,7.7,,7.9,,8.0,,6.2,,5.4,,4.3,,3.1,,1.7,,0.8,,,,,
Argyll & Bute,,00QD,90.5,,0.8,,3.2,,4.4,,5.4,,5.6,,4.7,,3.9,,4.0,,5.8,,7.0,,6.9,,6.6,,6.6,,7.0,,5.7,,4.6,,3.7,,2.5,,1.5,,0.7,,,,,
Scottish Borders,,00QE,112.4,,1.2,,4.8,,6.1,,6.7,,6.8,,5.2,,4.6,,5.2,,7.7,,9.2,,9.0,,8.0,,7.9,,8.2,,6.6,,5.5,,4.4,,3.1,,1.8,,0.7,,,,,
Clackmannanshire,,00QF,50.5,,0.7,,2.3,,2.8,,3.1,,3.3,,3.1,,2.8,,2.9,,3.7,,4.2,,3.9,,3.5,,3.3,,3.3,,2.4,,2.0,,1.5,,1.0,,0.6,,0.2,,,,,
West Dunbartonshire,,00QG,90.9,,1.1,,4.1,,4.7,,5.3,,6.0,,6.5,,5.7,,5.0,,6.1,,7.3,,7.0,,6.5,,5.7,,5.5,,4.2,,3.7,,3.1,,2.0,,1.2,,0.5,,,,,
Dumfries & Galloway,,00QH,148.6,,1.5,,5.9,,7.1,,8.8,,8.8,,7.3,,6.2,,6.4,,9.2,,11.2,,11.5,,10.6,,10.9,,11.3,,9.4,,7.9,,6.4,,4.4,,2.4,,1.1,,,,,
Dundee City,,00QJ,142.5,,1.8,,6.1,,6.7,,7.4,,9.7,,13.4,,11.2,,7.5,,8.6,,9.5,,10.0,,8.8,,8.1,,8.1,,6.7,,6.3,,5.4,,3.9,,2.4,,1.0,,,,,
East Ayrshire,,00QK,119.9,,1.3,,5.2,,6.3,,7.1,,8.1,,7.3,,6.4,,6.4,,8.6,,9.8,,9.1,,8.1,,8.0,,7.9,,6.1,,5.3,,4.1,,2.7,,1.6,,0.7,,,,,
East Dunbartonshire,,00QL,104.7,,1.0,,4.1,,5.8,,6.9,,7.2,,6.2,,5.1,,4.1,,6.3,,8.1,,8.9,,8.0,,7.1,,6.9,,5.5,,5.0,,3.9,,2.6,,1.5,,0.6,,,,,
East Lothian,,00QM,96.1,,1.2,,4.6,,5.4,,6.2,,6.4,,5.0,,4.0,,4.7,,7.1,,8.0,,7.6,,6.8,,6.1,,6.1,,4.8,,4.2,,3.4,,2.4,,1.4,,0.6,,,,,
East Renfrewshire,,00QN,89.2,,0.9,,4.0,,5.5,,6.3,,6.1,,5.2,,3.9,,3.6,,5.5,,7.2,,7.7,,6.7,,5.7,,5.4,,4.2,,3.9,,3.2,,2.3,,1.3,,0.6,,,,,
"Edinburgh, City of",,00QP,471.7,,5.4,,17.9,,20.6,,21.8,,27.4,,44.8,,49.6,,37.8,,34.8,,34.3,,32.3,,28.0,,25.4,,22.9,,17.4,,16.4,,14.3,,10.6,,6.8,,3.1,,,,,
Falkirk,,00QQ,151.6,,1.9,,7.1,,8.4,,8.9,,9.6,,8.7,,9.1,,9.4,,11.5,,12.5,,11.5,,9.9,,9.7,,9.1,,7.4,,6.3,,4.8,,3.2,,1.8,,0.7,,,,,
Fife,,00QR,361.9,,4.3,,15.9,,19.2,,21.1,,23.5,,25.1,,20.4,,19.1,,25.1,,28.0,,27.0,,24.4,,23.2,,23.8,,18.1,,15.3,,11.9,,8.8,,5.1,,2.5,,,,,
Glasgow City,,00QS,584.2,,7.2,,25.4,,27.9,,29.4,,37.0,,53.7,,56.6,,44.8,,43.5,,43.4,,42.0,,35.7,,29.2,,26.1,,22.1,,20.9,,17.7,,11.8,,6.9,,3.1,,,,,
Highland,,00QT,219.4,,2.4,,9.2,,11.6,,13.1,,13.0,,10.8,,11.1,,11.3,,14.4,,17.3,,17.3,,16.4,,16.3,,15.4,,12.1,,9.8,,7.9,,5.5,,3.1,,1.4,,,,,
Inverclyde,,00QU,80.8,,0.9,,3.4,,4.1,,4.8,,5.2,,5.4,,4.6,,4.0,,5.2,,6.3,,6.6,,5.7,,5.3,,5.0,,4.1,,3.6,,3.0,,1.9,,1.2,,0.5,,,,,
Midlothian,,00QW,80.6,,1.0,,3.7,,4.7,,5.0,,5.4,,4.9,,4.1,,4.1,,5.7,,6.4,,6.3,,5.6,,5.4,,5.3,,3.9,,3.4,,2.6,,1.7,,1.0,,0.4,,,,,
Moray,,00QX,87.8,,1.0,,3.6,,4.4,,5.5,,5.7,,4.9,,4.2,,4.5,,6.5,,7.0,,6.8,,6.1,,5.9,,5.8,,4.7,,4.1,,3.2,,2.2,,1.2,,0.5,,,,,
North Ayrshire,,00QY,135.9,,1.5,,5.9,,7.2,,8.4,,8.9,,8.1,,7.1,,6.8,,8.9,,10.5,,10.2,,9.4,,9.2,,9.3,,7.5,,6.2,,4.9,,3.1,,1.9,,0.8,,,,,
North Lanarkshire,,00QZ,325.5,,4.1,,15.8,,19.0,,20.2,,21.2,,21.3,,20.8,,19.5,,24.5,,26.4,,24.5,,21.9,,19.6,,18.4,,15.1,,12.7,,9.6,,6.1,,3.2,,1.4,,,,,
Orkney Islands,,00RA,19.9,,0.2,,0.8,,1.0,,1.3,,1.3,,0.9,,0.9,,0.9,,1.3,,1.6,,1.6,,1.5,,1.5,,1.4,,1.3,,0.9,,0.7,,0.5,,0.3,,0.1,,,,,
Perth & Kinross,,00RB,144.2,,1.4,,5.6,,7.5,,8.5,,8.6,,9.1,,7.5,,6.8,,9.1,,11.2,,10.8,,9.9,,10.0,,10.0,,8.0,,6.8,,5.6,,4.1,,2.4,,1.2,,,,,
Renfrewshire,,00RC,169.8,,2.0,,7.6,,9.1,,9.9,,10.8,,10.9,,10.4,,9.0,,11.8,,14.1,,13.7,,11.6,,10.8,,10.3,,8.2,,7.3,,5.6,,3.7,,2.1,,0.9,,,,,
Shetland Islands,,00RD,22.0,,0.2,,1.0,,1.3,,1.4,,1.5,,1.1,,1.1,,1.3,,1.6,,1.7,,1.7,,1.5,,1.5,,1.4,,1.1,,0.9,,0.7,,0.5,,0.3,,0.2,,,,,
South Ayrshire,,00RE,111.7,,1.1,,4.3,,5.5,,6.3,,6.8,,6.4,,5.3,,5.0,,7.0,,8.3,,8.5,,8.1,,7.9,,8.0,,6.5,,5.8,,4.6,,3.3,,2.0,,1.0,,,,,
South Lanarkshire,,00RF,310.1,,3.6,,13.9,,17.0,,18.6,,19.7,,19.5,,18.3,,17.1,,22.2,,24.7,,24.4,,22.3,,19.7,,18.4,,15.0,,13.0,,10.4,,6.9,,3.8,,1.6,,,,,
Stirling,,00RG,88.4,,0.9,,3.8,,5.0,,5.6,,6.8,,6.7,,4.3,,3.9,,6.0,,7.0,,6.6,,5.7,,5.6,,5.6,,4.4,,3.7,,2.9,,2.0,,1.2,,0.5,,,,,
West Lothian,,00RH,169.5,,2.3,,8.8,,10.4,,11.0,,11.1,,10.4,,9.9,,10.4,,13.7,,14.9,,13.4,,11.1,,10.3,,9.7,,7.4,,5.9,,4.1,,2.7,,1.4,,0.6,,,,,
Eilean Siar ,,00RJ,26.2,,0.3,,1.0,,1.3,,1.6,,1.5,,1.1,,1.1,,1.3,,1.7,,2.0,,2.0,,1.9,,1.9,,1.9,,1.6,,1.4,,1.1,,0.8,,0.5,,0.2,,,,,
  Mid Bedfordshire,,09UC,135.3,,1.6,,6.4,,8.2,,8.5,,8.2,,7.2,,7.9,,8.8,,11.3,,12.0,,10.7,,9.1,,8.3,,8.2,,5.8,,4.7,,3.7,,2.6,,1.6,,0.6,,,,,
  Bedford,,09UD,155.7,,2.1,,7.5,,9.2,,10.1,,10.1,,9.5,,9.6,,10.1,,11.7,,12.5,,11.4,,9.7,,9.2,,8.9,,6.5,,5.8,,4.8,,3.6,,2.3,,1.1,,,,,
  South Bedfordshire,,09UE,119.6,,1.6,,6.0,,7.0,,7.3,,7.9,,7.1,,7.1,,7.2,,8.8,,9.8,,9.5,,7.6,,7.3,,7.4,,5.2,,4.6,,3.5,,2.5,,1.4,,0.7,,,,,
  Aylesbury Vale,,11UB,176.0,,2.2,,8.6,,11.2,,11.3,,12.0,,9.3,,9.9,,11.1,,13.5,,15.2,,13.8,,11.9,,10.7,,10.3,,7.4,,6.2,,4.7,,3.4,,2.2,,1.1,,,,,
  Chiltern,,11UC,90.9,,1.0,,4.3,,6.0,,6.4,,5.6,,4.0,,3.8,,4.0,,5.9,,7.4,,7.5,,6.4,,5.8,,6.1,,4.5,,4.1,,3.3,,2.4,,1.5,,0.8,,,,,
  South Bucks,,11UE,64.8,,0.7,,3.1,,3.9,,4.2,,3.9,,3.1,,3.0,,3.3,,4.5,,5.2,,5.2,,4.6,,4.1,,4.2,,3.1,,2.8,,2.4,,1.8,,1.1,,0.5,,,,,
  Wycombe,,11UF,161.5,,2.2,,8.4,,10.4,,10.4,,10.4,,9.0,,9.4,,10.1,,12.3,,12.7,,11.7,,10.4,,9.7,,9.5,,7.1,,6.1,,4.9,,3.3,,2.1,,1.3,,,,,
  Cambridge,,12UB,122.8,,1.3,,4.5,,4.7,,5.0,,10.0,,20.9,,15.2,,9.8,,8.4,,7.7,,6.1,,5.6,,5.1,,4.6,,3.5,,3.1,,2.7,,2.3,,1.5,,0.8,,,,,
  East Cambridgeshire,,12UC,82.3,,1.0,,4.2,,4.8,,5.0,,4.7,,3.9,,4.4,,5.3,,6.5,,6.7,,6.1,,5.1,,5.1,,5.4,,3.9,,3.4,,2.9,,2.0,,1.2,,0.6,,,,,
  Fenland,,12UD,91.8,,1.1,,3.9,,5.0,,5.6,,5.5,,4.7,,4.5,,4.7,,6.3,,7.0,,6.3,,6.1,,6.2,,6.6,,5.2,,4.5,,3.8,,2.7,,1.5,,0.8,,,,,
  Huntingdonshire,,12UE,168.9,,2.0,,7.8,,10.1,,10.9,,10.6,,9.3,,9.4,,10.4,,13.7,,14.3,,13.0,,11.0,,10.7,,10.8,,7.8,,6.1,,4.6,,3.3,,2.2,,1.0,,,,,
  South Cambridgeshire,,12UG,139.3,,1.8,,7.0,,8.5,,8.7,,8.7,,6.6,,6.8,,8.7,,10.7,,11.8,,10.7,,9.3,,8.8,,9.0,,6.3,,5.2,,4.3,,3.2,,2.2,,1.0,,,,,
  Chester,,13UB,120.0,,1.4,,5.1,,6.1,,6.6,,7.7,,9.3,,7.0,,6.6,,8.3,,8.8,,8.5,,7.5,,7.6,,7.7,,6.0,,5.3,,4.4,,3.3,,2.1,,0.9,,,,,
  Congleton,,13UC,92.4,,0.9,,3.8,,5.1,,5.7,,5.6,,4.6,,4.1,,4.7,,6.8,,7.7,,7.0,,6.0,,6.4,,7.0,,5.1,,4.1,,3.2,,2.4,,1.5,,0.7,,,,,
  Crewe and Nantwich,,13UD,117.4,,1.5,,5.5,,6.6,,7.5,,7.7,,7.0,,6.1,,6.3,,8.6,,9.4,,8.8,,7.6,,7.4,,7.5,,5.8,,4.9,,3.9,,2.9,,1.7,,0.7,,,,,
  Ellesmere Port and Neston,,13UE,81.8,,1.0,,3.6,,4.5,,5.1,,5.6,,5.0,,4.3,,4.2,,5.6,,6.4,,6.2,,5.3,,5.3,,5.2,,4.1,,3.8,,3.0,,2.0,,1.2,,0.5,,,,,
  Macclesfield,,13UG,151.7,,1.6,,6.4,,8.3,,8.8,,8.9,,7.2,,7.2,,8.0,,10.4,,12.2,,12.1,,10.3,,10.1,,10.7,,7.6,,7.1,,5.8,,4.4,,3.0,,1.3,,,,,
  Vale Royal,,13UH,126.8,,1.5,,5.8,,7.1,,8.1,,8.3,,6.4,,6.0,,6.7,,9.4,,10.5,,9.7,,8.6,,8.5,,8.8,,6.3,,5.1,,4.1,,3.1,,1.9,,0.8,,,,,
  Caradon,,15UB,83.9,,0.8,,3.2,,4.2,,5.0,,5.2,,4.1,,3.5,,3.6,,5.1,,6.1,,6.1,,6.0,,6.5,,7.3,,4.9,,4.1,,3.3,,2.4,,1.7,,0.7,,,,,
  Carrick,,15UC,92.8,,0.8,,3.4,,4.6,,5.3,,5.8,,6.1,,5.0,,4.6,,5.7,,6.5,,6.2,,5.9,,6.3,,7.0,,5.2,,4.2,,3.8,,3.1,,2.2,,1.2,,,,,
  Kerrier,,15UD,99.5,,1.1,,4.1,,5.3,,5.7,,6.3,,5.9,,5.0,,4.9,,6.7,,7.1,,6.7,,6.4,,6.8,,7.8,,5.8,,4.7,,3.8,,2.8,,1.8,,0.9,,,,,
  North Cornwall,,15UE,87.2,,0.9,,3.5,,4.6,,5.2,,5.3,,4.3,,3.7,,4.1,,5.4,,6.3,,6.0,,5.8,,6.1,,7.2,,5.3,,4.4,,3.6,,2.7,,1.7,,0.9,,,,,
  Penwith,,15UF,65.1,,0.6,,2.3,,3.3,,3.7,,3.8,,3.3,,2.8,,2.9,,4.1,,4.5,,4.5,,4.3,,4.9,,5.6,,3.9,,3.4,,2.7,,2.1,,1.5,,0.7,,,,,
  Restormel,,15UG,103.7,,1.1,,4.3,,5.4,,6.1,,6.5,,5.9,,5.3,,5.4,,6.9,,7.5,,7.0,,6.5,,7.2,,7.9,,5.8,,5.0,,3.9,,3.0,,1.9,,1.0,,,,,
  Allerdale,,16UB,94.5,,1.0,,3.7,,4.9,,5.7,,5.9,,4.6,,4.3,,4.5,,6.4,,7.3,,7.1,,6.5,,6.8,,7.1,,5.5,,4.6,,3.8,,2.6,,1.6,,0.7,,,,,
  Barrow-in-Furness,,16UC,71.8,,0.8,,3.1,,3.9,,4.5,,4.9,,4.4,,3.8,,3.8,,4.9,,5.6,,5.3,,4.5,,4.6,,4.8,,3.8,,3.1,,2.5,,1.7,,1.2,,0.6,,,,,
  Carlisle,,16UD,103.7,,1.2,,4.5,,5.1,,5.7,,6.6,,6.5,,5.8,,5.6,,7.2,,7.6,,7.9,,7.0,,6.9,,6.7,,5.3,,4.7,,3.9,,2.9,,1.7,,0.8,,,,,
  Copeland,,16UE,70.3,,0.7,,2.9,,3.6,,4.2,,4.6,,3.8,,3.7,,3.7,,4.7,,5.5,,5.5,,5.0,,4.8,,4.8,,3.8,,3.3,,2.5,,1.7,,1.0,,0.4,,,,,
  Eden,,16UF,51.9,,0.5,,2.0,,2.6,,3.1,,3.1,,2.3,,2.0,,2.2,,3.5,,4.2,,4.1,,3.8,,4.0,,4.1,,3.1,,2.6,,2.1,,1.5,,0.9,,0.4,,,,,
  South Lakeland,,16UG,104.4,,0.9,,3.6,,4.8,,6.1,,6.7,,4.1,,3.8,,4.6,,6.5,,7.7,,7.9,,7.3,,7.8,,8.7,,6.5,,5.6,,4.7,,3.6,,2.3,,1.1,,,,,
  Amber Valley,,17UB,121.1,,1.3,,5.1,,6.6,,7.4,,7.6,,6.3,,6.0,,6.4,,9.2,,9.7,,9.0,,8.1,,8.3,,8.6,,6.2,,4.9,,4.1,,3.0,,2.1,,1.0,,,,,
  Bolsover,,17UC,74.3,,0.8,,3.4,,4.0,,4.6,,4.7,,4.3,,3.9,,4.0,,5.6,,6.2,,5.3,,4.8,,4.7,,5.1,,3.7,,3.1,,2.6,,1.9,,1.1,,0.5,,,,,
  Chesterfield,,17UD,100.8,,1.2,,4.3,,5.2,,6.0,,6.3,,5.7,,5.6,,5.7,,7.3,,8.0,,7.5,,6.7,,6.4,,6.6,,5.0,,4.2,,3.6,,2.9,,1.8,,0.7,,,,,
  Derbyshire Dales,,17UF,70.7,,0.6,,2.6,,3.7,,4.3,,4.0,,2.9,,2.6,,3.0,,4.5,,5.7,,5.6,,5.1,,5.4,,5.8,,4.1,,3.5,,2.8,,2.2,,1.4,,0.7,,,,,
  Erewash,,17UG,111.3,,1.3,,4.8,,5.8,,6.9,,7.5,,6.4,,6.3,,6.5,,8.6,,9.1,,8.2,,6.9,,6.9,,7.4,,5.3,,4.6,,3.7,,2.7,,1.7,,0.8,,,,,
  High Peak,,17UH,93.2,,1.0,,4.1,,5.2,,5.7,,6.2,,5.2,,4.3,,4.8,,6.9,,8.2,,7.5,,6.4,,6.2,,6.1,,4.4,,3.5,,2.9,,2.1,,1.5,,0.8,,,,,
  North East Derbyshire,,17UJ,98.2,,1.0,,3.8,,4.9,,5.7,,6.1,,5.1,,4.7,,4.7,,6.6,,7.5,,7.3,,6.9,,6.8,,7.8,,5.6,,4.8,,3.8,,2.7,,1.7,,0.6,,,,,
  South Derbyshire,,17UK,92.7,,1.2,,4.6,,5.5,,6.0,,6.5,,4.5,,5.1,,5.7,,7.5,,7.9,,6.8,,6.0,,5.9,,6.0,,4.2,,3.3,,2.6,,1.9,,1.1,,0.5,,,,,
  East Devon,,18UB,132.7,,1.1,,4.7,,6.3,,7.5,,7.6,,6.3,,4.8,,5.0,,7.5,,8.9,,8.7,,8.4,,9.3,,11.1,,9.0,,7.9,,7.1,,5.8,,4.1,,1.8,,,,,
  Exeter,,18UC,123.5,,1.3,,4.7,,5.2,,5.8,,8.7,,15.4,,12.8,,8.7,,8.1,,8.3,,7.2,,6.5,,6.2,,6.2,,4.6,,4.2,,3.8,,3.0,,1.9,,1.0,,,,,
  Mid Devon,,18UD,76.7,,0.8,,3.5,,4.3,,4.9,,4.8,,3.6,,3.4,,3.8,,5.3,,5.9,,5.6,,5.2,,5.4,,5.6,,4.2,,3.5,,2.9,,2.1,,1.3,,0.7,,,,,
  North Devon,,18UE,92.3,,1.0,,3.8,,4.9,,5.6,,5.7,,4.7,,4.0,,4.3,,5.8,,6.6,,6.5,,6.1,,6.4,,7.4,,5.5,,4.6,,3.8,,2.9,,1.9,,0.8,,,,,
  South Hams,,18UG,83.5,,0.7,,3.0,,4.3,,4.9,,5.4,,4.5,,3.2,,2.9,,4.7,,6.2,,6.2,,6.1,,6.4,,7.1,,5.0,,4.2,,3.5,,2.8,,1.7,,0.9,,,,,
  Teignbridge,,18UH,127.6,,1.2,,4.8,,6.5,,7.6,,7.9,,6.1,,5.3,,5.3,,8.0,,9.5,,9.3,,8.7,,9.1,,9.9,,7.5,,6.3,,5.5,,4.6,,3.1,,1.5,,,,,
  Torridge,,18UK,65.6,,0.6,,2.5,,3.2,,4.1,,4.1,,2.8,,2.7,,3.0,,4.1,,4.5,,4.6,,4.4,,5.0,,5.5,,4.3,,3.5,,2.7,,2.0,,1.3,,0.6,,,,,
  West Devon,,18UL,52.9,,0.5,,2.0,,2.8,,3.3,,3.3,,2.3,,1.9,,2.2,,3.3,,4.0,,3.9,,3.7,,4.0,,4.5,,3.3,,2.7,,2.2,,1.5,,1.0,,0.5,,,,,
  Christchurch,,19UC,45.8,,0.4,,1.7,,2.2,,2.5,,2.5,,1.9,,1.6,,1.7,,2.4,,3.1,,3.0,,2.7,,3.0,,3.7,,3.1,,3.1,,2.9,,2.3,,1.6,,0.6,,,,,
  East Dorset,,19UD,85.9,,0.7,,3.1,,4.3,,5.0,,5.0,,3.4,,2.6,,2.6,,4.6,,5.9,,6.2,,5.8,,6.2,,7.4,,5.7,,5.5,,4.7,,3.8,,2.4,,1.0,,,,,
  North Dorset,,19UE,67.9,,0.7,,2.8,,3.5,,4.8,,5.6,,2.5,,2.8,,3.2,,4.4,,4.9,,4.7,,4.3,,4.5,,5.1,,4.0,,3.2,,2.8,,2.1,,1.3,,0.7,,,,,
  Purbeck,,19UG,46.0,,0.4,,1.6,,2.2,,2.7,,3.0,,2.4,,2.0,,2.0,,2.6,,3.2,,3.3,,3.1,,3.2,,3.8,,2.9,,2.4,,2.2,,1.6,,1.0,,0.5,,,,,
  West Dorset,,19UH,97.2,,0.9,,3.4,,4.8,,6.0,,6.8,,3.3,,2.8,,3.6,,5.4,,6.6,,6.9,,6.6,,7.2,,8.1,,6.5,,5.5,,5.2,,3.8,,2.7,,1.3,,,,,
  Weymouth and Portland,,19UJ,65.0,,0.7,,2.6,,3.3,,3.6,,4.3,,3.9,,3.2,,3.0,,4.1,,4.6,,4.6,,4.5,,4.4,,4.9,,3.6,,3.0,,2.6,,2.0,,1.4,,0.7,,,,,
  Chester-le-Street,,20UB,53.0,,0.6,,2.3,,2.7,,3.2,,3.2,,2.9,,2.7,,2.7,,3.9,,4.5,,4.1,,3.6,,3.5,,3.7,,2.8,,2.5,,1.9,,1.3,,0.7,,0.3,,,,,
  Derwentside,,20UD,88.0,,1.1,,3.9,,4.6,,5.2,,5.5,,5.0,,4.9,,4.9,,6.3,,7.0,,6.5,,6.0,,5.9,,5.7,,4.4,,3.9,,3.0,,2.2,,1.4,,0.6,,,,,
  Durham,,20UE,96.4,,0.9,,3.5,,4.0,,4.4,,7.4,,14.3,,7.9,,4.8,,5.8,,6.4,,6.1,,5.7,,5.5,,5.8,,4.1,,3.6,,2.8,,2.0,,1.0,,0.4,,,,,
  Easington,,20UF,95.4,,1.2,,4.4,,5.1,,6.0,,6.5,,6.3,,5.7,,4.9,,6.5,,7.2,,7.2,,6.3,,5.8,,5.8,,4.6,,4.4,,3.5,,2.4,,1.2,,0.6,,,,,
  Sedgefield,,20UG,87.3,,1.1,,4.0,,4.7,,5.2,,5.8,,5.2,,4.7,,4.5,,5.8,,6.8,,6.4,,6.1,,6.0,,5.9,,4.4,,3.9,,3.1,,2.2,,1.3,,0.5,,,,,
  Teesdale,,20UH,24.8,,0.2,,0.9,,1.2,,1.5,,1.6,,1.2,,1.1,,0.9,,1.5,,1.9,,1.9,,1.8,,2.0,,2.0,,1.5,,1.2,,1.0,,0.7,,0.4,,0.2,,,,,
  Wear Valley,,20UJ,63.5,,0.8,,2.9,,3.4,,3.8,,4.1,,3.6,,3.1,,3.1,,4.4,,5.1,,4.6,,4.5,,4.4,,4.4,,3.2,,2.8,,2.3,,1.6,,1.0,,0.4,,,,,
  Eastbourne,,21UC,96.1,,1.0,,4.1,,4.8,,5.4,,5.9,,6.0,,5.1,,5.0,,6.0,,6.6,,6.3,,5.7,,5.7,,6.2,,4.8,,4.8,,4.6,,3.8,,2.8,,1.5,,,,,
  Hastings,,21UD,86.4,,1.2,,4.1,,4.8,,5.6,,5.7,,5.2,,4.5,,4.7,,5.9,,6.7,,6.2,,5.7,,5.5,,5.7,,3.9,,3.5,,2.8,,2.2,,1.7,,0.8,,,,,
  Lewes,,21UF,95.2,,0.9,,3.8,,5.1,,5.6,,5.8,,4.4,,3.8,,3.7,,5.6,,7.2,,7.1,,6.4,,6.5,,7.0,,5.5,,4.9,,4.4,,3.4,,2.4,,1.5,,,,,
  Rother,,21UG,88.8,,0.8,,3.1,,4.3,,5.3,,5.2,,3.4,,2.8,,2.8,,4.6,,5.9,,6.0,,5.7,,6.2,,7.7,,6.1,,5.7,,4.9,,4.1,,2.8,,1.5,,,,,
  Wealden,,21UH,143.3,,1.4,,5.9,,8.2,,9.0,,8.9,,5.3,,4.9,,5.4,,8.7,,11.2,,11.0,,10.0,,9.9,,11.5,,8.6,,7.4,,6.4,,4.8,,3.2,,1.6,,,,,
  Basildon,,22UB,172.6,,2.4,,9.2,,10.5,,10.9,,11.1,,10.5,,11.2,,11.6,,12.8,,13.3,,12.3,,10.5,,9.8,,10.2,,7.1,,6.5,,5.5,,3.8,,2.3,,1.0,,,,,
  Braintree,,22UC,142.1,,1.8,,7.0,,8.7,,8.9,,8.8,,7.4,,7.5,,8.5,,11.0,,11.7,,10.4,,9.3,,9.0,,9.5,,6.4,,5.2,,4.3,,3.2,,2.2,,1.1,,,,,
  Brentwood,,22UD,73.2,,0.8,,3.2,,4.1,,4.7,,4.7,,3.9,,3.9,,4.3,,5.1,,6.0,,5.6,,4.7,,4.3,,4.6,,3.3,,3.2,,2.7,,2.1,,1.3,,0.6,,,,,
  Castle Point,,22UE,89.8,,0.9,,3.6,,4.8,,5.6,,5.9,,5.3,,4.4,,4.2,,5.5,,6.5,,6.2,,5.6,,6.1,,7.3,,5.3,,4.5,,3.6,,2.4,,1.5,,0.6,,,,,
  Chelmsford,,22UF,167.1,,2.0,,7.7,,9.4,,10.1,,10.6,,10.2,,11.0,,11.0,,12.6,,13.5,,12.0,,10.6,,10.1,,10.6,,7.3,,6.4,,5.1,,3.8,,2.4,,1.0,,,,,
  Colchester,,22UG,181.0,,2.2,,8.0,,9.5,,10.1,,11.7,,17.5,,15.4,,12.2,,13.4,,13.2,,11.4,,10.0,,10.1,,10.5,,7.3,,6.1,,5.1,,3.8,,2.4,,1.2,,,,,
  Epping Forest,,22UH,123.9,,1.5,,5.8,,7.1,,7.6,,7.6,,6.7,,6.7,,7.2,,8.9,,10.2,,9.3,,8.0,,7.8,,8.4,,5.7,,4.8,,4.3,,3.3,,2.2,,0.9,,,,,
  Harlow,,22UJ,79.0,,1.3,,4.4,,4.8,,4.9,,5.0,,5.2,,5.7,,5.5,,5.9,,6.0,,5.7,,5.0,,4.2,,3.9,,2.9,,2.9,,2.7,,1.9,,1.1,,0.4,,,,,
  Maldon,,22UK,63.1,,0.6,,2.7,,3.7,,4.1,,3.9,,3.1,,2.8,,3.0,,4.4,,5.2,,4.7,,4.3,,4.5,,5.1,,3.4,,2.8,,2.1,,1.4,,1.0,,0.5,,,,,
  Rochford,,22UL,83.2,,0.8,,3.5,,4.7,,5.5,,5.2,,4.4,,4.0,,4.4,,5.9,,6.6,,6.2,,5.3,,5.3,,6.1,,4.3,,3.9,,3.2,,2.3,,1.4,,0.6,,,,,
  Tendring,,22UN,147.6,,1.3,,5.3,,7.3,,8.4,,8.7,,7.2,,6.0,,6.1,,8.4,,9.8,,9.4,,8.8,,9.8,,12.1,,10.2,,9.1,,7.6,,5.8,,4.1,,2.2,,,,,
  Uttlesford,,22UQ,73.7,,0.8,,3.6,,4.6,,5.2,,4.9,,3.3,,3.2,,3.3,,5.3,,6.3,,6.0,,5.3,,4.8,,5.0,,3.5,,2.8,,2.3,,1.7,,1.1,,0.6,,,,,
  Cheltenham,,23UB,112.0,,1.3,,4.6,,5.8,,6.6,,8.1,,7.7,,7.9,,7.3,,7.7,,8.7,,7.7,,6.7,,6.3,,6.1,,4.9,,4.2,,3.9,,3.3,,2.2,,1.0,,,,,
  Cotswold,,23UC,83.5,,0.7,,3.3,,4.5,,5.2,,5.1,,3.9,,3.1,,3.7,,5.5,,6.7,,6.4,,5.8,,5.9,,6.2,,4.8,,4.0,,3.6,,2.7,,1.8,,0.7,,,,,
  Forest of Dean,,23UD,81.9,,0.8,,3.3,,4.5,,5.1,,5.6,,4.4,,3.4,,3.5,,5.4,,6.4,,6.0,,5.7,,6.0,,6.1,,4.7,,3.8,,2.9,,2.2,,1.4,,0.6,,,,,
  Gloucester,,23UE,115.3,,1.8,,5.9,,6.8,,7.3,,7.7,,7.7,,7.5,,7.1,,8.6,,9.4,,8.7,,7.0,,6.3,,6.2,,4.7,,4.0,,3.5,,2.7,,1.7,,0.7,,,,,
  Stroud,,23UF,110.7,,1.2,,4.8,,6.4,,7.2,,7.1,,5.1,,4.4,,5.2,,7.7,,9.0,,8.5,,7.7,,7.8,,7.8,,5.8,,4.8,,3.9,,3.1,,2.1,,1.0,,,,,
  Tewkesbury,,23UG,79.1,,0.9,,3.4,,4.3,,4.5,,4.8,,3.9,,3.7,,4.1,,5.4,,6.3,,6.0,,5.3,,5.3,,5.7,,4.4,,3.7,,3.0,,2.3,,1.4,,0.7,,,,,
  Basingstoke and Deane,,24UB,161.7,,2.1,,8.0,,10.0,,10.4,,9.3,,8.6,,10.0,,11.2,,13.1,,13.9,,12.7,,10.5,,10.0,,9.8,,6.7,,5.4,,4.3,,3.0,,1.9,,0.8,,,,,
  East Hampshire,,24UC,111.7,,1.2,,5.1,,6.6,,7.5,,7.8,,5.5,,4.6,,5.2,,7.3,,8.9,,9.0,,8.1,,7.4,,7.8,,5.6,,4.7,,3.8,,2.9,,1.9,,0.9,,,,,
  Eastleigh,,24UD,121.0,,1.4,,5.5,,6.7,,7.7,,7.9,,7.0,,7.2,,7.7,,8.9,,9.7,,9.2,,8.1,,7.6,,7.4,,5.3,,4.6,,3.8,,2.8,,1.8,,0.8,,,,,
  Fareham,,24UE,110.3,,1.1,,4.4,,6.2,,6.5,,7.1,,6.2,,4.8,,5.1,,7.5,,8.9,,8.6,,7.5,,7.0,,7.9,,5.7,,5.2,,4.5,,3.2,,2.0,,1.0,,,,,
  Gosport,,24UF,80.0,,1.1,,3.9,,4.5,,4.6,,5.2,,5.6,,5.2,,4.7,,5.6,,5.7,,5.8,,4.9,,4.6,,5.0,,3.6,,3.3,,2.8,,2.0,,1.3,,0.6,,,,,
  Hart,,24UG,90.6,,1.1,,4.6,,5.8,,5.7,,5.8,,4.3,,4.9,,5.8,,7.4,,7.9,,7.2,,5.8,,5.4,,5.7,,4.1,,3.3,,2.4,,1.8,,1.1,,0.5,,,,,
  Havant,,24UH,117.6,,1.3,,5.0,,6.2,,7.0,,7.8,,7.0,,5.8,,5.1,,7.3,,8.6,,8.6,,7.9,,7.5,,8.2,,6.4,,5.8,,5.2,,3.6,,2.2,,1.0,,,,,
  New Forest,,24UJ,175.4,,1.6,,6.6,,8.9,,10.3,,10.3,,8.4,,7.1,,7.3,,10.4,,12.7,,12.5,,11.7,,11.9,,13.7,,10.4,,9.5,,8.5,,6.6,,4.7,,2.2,,,,,
  Rushmoor,,24UL,89.6,,1.3,,4.9,,5.1,,5.4,,5.9,,6.7,,6.8,,6.6,,7.1,,7.3,,6.2,,5.2,,4.9,,4.4,,3.2,,2.7,,2.2,,1.7,,1.2,,0.5,,,,,
  Test Valley,,24UN,115.4,,1.3,,5.2,,6.8,,7.6,,7.5,,5.5,,5.7,,6.3,,8.4,,9.7,,9.1,,7.7,,7.4,,7.9,,5.5,,4.7,,3.7,,2.6,,1.8,,0.9,,,,,
  Winchester,,24UP,112.7,,1.3,,5.1,,6.2,,7.0,,8.8,,6.5,,5.5,,5.8,,7.4,,8.5,,8.3,,7.5,,7.2,,7.6,,5.3,,4.5,,4.0,,3.0,,2.1,,1.1,,,,,
  Broxbourne,,26UB,90.1,,1.2,,4.6,,5.3,,5.6,,5.9,,5.4,,5.6,,5.8,,6.7,,7.2,,6.5,,5.5,,5.1,,5.3,,4.0,,3.6,,3.1,,2.1,,1.1,,0.4,,,,,
  Dacorum,,26UC,139.6,,1.9,,6.7,,8.4,,8.9,,8.9,,7.2,,7.9,,8.7,,10.7,,11.3,,11.2,,9.5,,8.3,,8.0,,5.6,,5.1,,4.7,,3.5,,2.1,,0.9,,,,,
  East Hertfordshire,,26UD,135.5,,1.6,,6.5,,8.2,,9.3,,8.9,,5.8,,7.7,,8.9,,11.0,,12.0,,10.6,,9.0,,8.3,,7.8,,5.5,,4.9,,4.1,,2.9,,1.8,,0.9,,,,,
  Hertsmere,,26UE,98.7,,1.3,,5.2,,5.8,,6.2,,6.3,,5.7,,6.4,,6.5,,6.9,,7.8,,7.5,,6.2,,5.9,,5.5,,3.7,,3.6,,3.0,,2.7,,1.7,,0.9,,,,,
  North Hertfordshire,,26UF,123.8,,1.6,,6.1,,7.5,,7.8,,7.3,,6.0,,6.5,,8.3,,9.7,,10.6,,9.5,,7.8,,7.3,,7.2,,5.4,,4.9,,4.1,,3.0,,2.1,,1.0,,,,,
  St Albans,,26UG,133.7,,2.0,,7.5,,8.8,,8.7,,7.7,,5.9,,7.5,,9.2,,11.3,,11.8,,10.0,,8.5,,7.5,,7.3,,5.1,,4.7,,4.1,,3.3,,1.9,,0.8,,,,,
  Stevenage,,26UH,80.0,,1.1,,4.2,,4.8,,5.0,,5.5,,5.3,,5.3,,5.2,,6.1,,6.6,,6.3,,4.9,,4.1,,4.0,,3.0,,2.9,,2.5,,1.7,,1.0,,0.4,,,,,
  Three Rivers,,26UJ,87.7,,1.1,,4.2,,5.4,,5.8,,5.5,,4.3,,4.8,,5.4,,6.5,,7.3,,6.8,,5.8,,5.3,,5.2,,3.6,,3.4,,2.8,,2.1,,1.5,,0.8,,,,,
  Watford,,26UK,81.0,,1.3,,4.4,,4.6,,4.9,,4.9,,4.9,,6.2,,6.9,,6.9,,6.9,,5.9,,4.6,,4.0,,3.8,,2.8,,2.5,,2.2,,1.6,,1.0,,0.4,,,,,
  Welwyn Hatfield,,26UL,108.3,,1.4,,5.0,,5.9,,6.3,,7.4,,10.2,,8.9,,6.6,,7.3,,7.9,,7.5,,6.4,,5.5,,5.4,,4.0,,3.9,,3.6,,2.6,,1.6,,0.8,,,,,
  Ashford,,29UB,113.5,,1.5,,5.8,,7.3,,7.5,,7.2,,6.1,,5.7,,6.2,,8.3,,9.4,,8.3,,7.1,,7.0,,7.5,,5.3,,4.4,,3.6,,2.7,,1.8,,0.9,,,,,
  Canterbury,,29UC,149.7,,1.4,,5.8,,7.4,,8.5,,11.8,,15.7,,10.5,,7.6,,8.8,,9.6,,9.2,,8.4,,8.5,,9.4,,7.3,,6.2,,5.2,,4.2,,2.8,,1.4,,,,,
  Dartford,,29UD,92.0,,1.3,,4.8,,5.3,,5.8,,6.0,,5.9,,6.3,,6.5,,7.3,,7.5,,6.6,,5.6,,4.9,,4.9,,3.6,,3.3,,2.8,,1.9,,1.2,,0.5,,,,,
  Dover,,29UE,106.9,,1.2,,4.6,,5.6,,6.9,,7.4,,5.3,,5.1,,4.9,,6.5,,7.9,,7.7,,7.2,,7.1,,8.0,,5.8,,5.0,,4.2,,3.1,,2.2,,1.0,,,,,
  Gravesham,,29UG,98.0,,1.2,,4.9,,5.6,,6.4,,6.7,,6.1,,5.8,,5.7,,6.9,,7.8,,7.2,,6.1,,5.6,,6.1,,4.4,,4.0,,3.2,,2.2,,1.3,,0.6,,,,,
  Maidstone,,29UH,145.4,,1.8,,6.9,,8.4,,8.6,,9.1,,8.1,,8.6,,8.4,,10.4,,11.6,,10.6,,9.5,,9.3,,10.0,,7.0,,5.9,,4.8,,3.3,,2.4,,0.9,,,,,
  Sevenoaks,,29UK,114.7,,1.3,,5.6,,6.9,,7.2,,7.1,,5.1,,5.7,,6.1,,8.0,,9.5,,8.7,,7.7,,7.5,,7.8,,5.6,,4.9,,4.2,,3.0,,1.9,,1.0,,,,,
  Shepway,,29UL,100.1,,1.1,,4.4,,5.2,,6.0,,6.1,,5.4,,5.0,,4.9,,6.4,,7.3,,6.9,,6.3,,6.7,,7.6,,5.7,,4.9,,4.1,,3.1,,2.1,,0.9,,,,,
  Swale,,29UM,131.9,,1.7,,6.4,,7.9,,8.8,,8.9,,7.8,,7.5,,7.3,,9.5,,10.6,,9.5,,8.2,,8.2,,8.9,,6.3,,5.1,,4.0,,2.9,,1.7,,0.7,,,,,
  Thanet,,29UN,129.9,,1.5,,5.8,,6.9,,8.6,,8.8,,7.0,,6.3,,6.2,,7.8,,9.0,,8.7,,8.0,,8.2,,9.4,,7.0,,6.3,,5.6,,4.3,,3.0,,1.3,,,,,
  Tonbridge and Malling,,29UP,117.1,,1.4,,5.9,,7.3,,7.8,,8.0,,5.5,,5.5,,6.7,,9.2,,9.9,,9.0,,7.4,,7.0,,7.5,,5.5,,4.7,,3.7,,2.5,,1.6,,0.7,,,,,
  Tunbridge Wells,,29UQ,107.4,,1.4,,5.3,,6.6,,7.6,,7.4,,4.1,,5.4,,6.5,,8.0,,8.9,,8.2,,6.9,,6.5,,6.7,,4.8,,4.2,,3.6,,2.7,,1.8,,0.9,,,,,
  Burnley,,30UD,87.3,,1.3,,4.6,,5.1,,5.6,,6.5,,6.2,,5.0,,4.9,,5.8,,6.3,,6.2,,5.6,,5.4,,5.3,,3.8,,3.3,,2.6,,2.0,,1.4,,0.6,,,,,
  Chorley,,30UE,104.8,,1.3,,4.9,,5.6,,6.1,,6.5,,6.2,,5.7,,6.2,,8.0,,8.5,,7.9,,7.1,,7.0,,7.4,,5.3,,4.0,,3.1,,2.1,,1.3,,0.6,,,,,
  Fylde,,30UF,76.5,,0.7,,2.7,,3.6,,4.1,,4.4,,3.8,,3.3,,3.4,,4.8,,5.8,,5.8,,5.2,,5.2,,5.8,,4.6,,4.1,,3.7,,2.8,,1.8,,0.8,,,,,
  Hyndburn,,30UG,81.6,,1.1,,4.3,,5.1,,5.8,,5.9,,5.2,,4.7,,4.6,,5.8,,6.2,,5.6,,5.1,,4.9,,4.8,,3.6,,3.1,,2.4,,1.8,,1.2,,0.5,,,,,
  Lancaster,,30UH,143.7,,1.5,,5.4,,6.9,,8.2,,10.7,,14.5,,11.0,,7.6,,8.9,,9.9,,9.4,,8.1,,8.2,,8.6,,6.6,,5.9,,5.0,,3.7,,2.3,,1.1,,,,,
  Pendle,,30UJ,89.9,,1.3,,4.6,,5.5,,5.8,,6.4,,6.1,,5.2,,5.0,,6.0,,6.4,,6.4,,6.0,,5.9,,5.3,,3.9,,3.4,,2.8,,2.1,,1.3,,0.6,,,,,
  Preston,,30UK,132.0,,1.8,,6.8,,7.2,,7.9,,9.2,,12.9,,10.2,,8.0,,9.3,,9.2,,9.0,,7.7,,7.2,,6.6,,5.3,,4.8,,4.0,,2.7,,1.7,,0.6,,,,,
  Ribble Valley,,30UL,58.5,,0.5,,2.3,,3.3,,3.9,,4.1,,2.8,,2.3,,2.6,,4.1,,4.9,,4.6,,4.1,,4.0,,4.3,,3.2,,2.7,,2.1,,1.4,,0.9,,0.4,,,,,
  Rossendale,,30UM,67.3,,0.9,,3.2,,4.0,,4.6,,4.9,,3.8,,3.5,,3.8,,5.0,,5.4,,5.2,,4.5,,4.4,,4.4,,2.9,,2.3,,1.9,,1.5,,0.9,,0.4,,,,,
  South Ribble,,30UN,107.2,,1.2,,4.8,,5.8,,6.4,,7.0,,6.4,,5.8,,5.9,,7.8,,8.6,,8.1,,7.0,,7.0,,7.2,,5.5,,4.5,,3.6,,2.6,,1.5,,0.6,,,,,
  West Lancashire,,30UP,109.4,,1.3,,4.9,,6.2,,6.8,,7.4,,6.8,,5.4,,4.8,,7.3,,8.3,,8.1,,7.4,,7.4,,7.8,,6.0,,5.1,,3.7,,2.6,,1.5,,0.6,,,,,
  Wyre,,30UQ,110.9,,1.0,,4.1,,5.5,,6.3,,7.2,,6.1,,4.9,,4.7,,6.9,,8.0,,7.8,,7.1,,7.3,,8.2,,7.1,,6.4,,5.3,,3.8,,2.4,,0.9,,,,,
  Blaby,,31UB,93.4,,1.1,,4.3,,5.2,,5.7,,5.8,,5.0,,5.2,,5.4,,7.0,,7.6,,7.0,,5.9,,6.0,,6.1,,4.6,,4.0,,3.2,,2.3,,1.4,,0.6,,,,,
  Charnwood,,31UC,167.1,,1.8,,6.9,,8.2,,9.0,,13.2,,18.4,,12.1,,8.7,,11.0,,11.7,,11.1,,10.0,,10.0,,9.9,,7.1,,6.1,,5.2,,3.6,,2.3,,1.0,,,,,
  Harborough,,31UD,82.8,,0.9,,3.8,,5.1,,5.3,,5.1,,3.5,,3.3,,3.8,,6.4,,7.3,,6.7,,5.8,,5.7,,5.9,,4.1,,3.5,,2.8,,2.0,,1.3,,0.6,,,,,
  Hinckley and Bosworth,,31UE,105.2,,1.1,,4.5,,5.8,,6.0,,6.3,,5.6,,5.7,,5.7,,7.8,,8.3,,8.0,,7.1,,7.7,,7.5,,5.3,,4.3,,3.6,,2.6,,1.6,,0.6,,,,,
  Melton,,31UG,49.3,,0.5,,2.1,,2.7,,3.1,,3.0,,2.5,,2.3,,2.4,,3.5,,4.2,,3.9,,3.4,,3.5,,3.6,,2.5,,2.0,,1.7,,1.3,,0.8,,0.4,,,,,
  North West Leicestershire,,31UH,90.8,,1.0,,4.4,,5.3,,5.4,,5.5,,4.6,,4.7,,5.2,,7.0,,7.6,,6.8,,5.9,,6.0,,6.4,,4.4,,3.5,,3.0,,2.2,,1.4,,0.6,,,,,
  Oadby and Wigston,,31UJ,57.2,,0.6,,2.2,,3.0,,3.6,,5.4,,4.6,,2.3,,2.6,,3.6,,4.2,,4.3,,3.6,,3.4,,3.4,,2.7,,2.7,,2.3,,1.6,,0.9,,0.4,,,,,
  Boston,,32UB,58.3,,0.8,,2.6,,3.0,,3.4,,3.7,,3.1,,2.8,,2.7,,3.7,,4.2,,4.0,,3.9,,4.0,,4.4,,3.5,,2.9,,2.5,,1.8,,0.9,,0.5,,,,,
  East Lindsey,,32UC,141.0,,1.3,,4.8,,6.4,,7.9,,8.5,,6.9,,5.5,,5.3,,8.1,,9.5,,9.7,,9.5,,10.7,,13.0,,10.3,,8.3,,6.6,,4.7,,2.8,,1.3,,,,,
  Lincoln,,32UD,88.4,,1.2,,3.9,,4.3,,4.7,,6.6,,10.3,,6.9,,5.3,,5.7,,6.1,,5.7,,4.9,,4.8,,4.5,,3.3,,3.1,,2.6,,2.1,,1.5,,0.6,,,,,
  North Kesteven,,32UE,106.1,,1.0,,4.2,,5.7,,6.6,,6.7,,5.6,,5.1,,5.4,,7.9,,8.5,,7.7,,6.5,,6.7,,7.8,,6.2,,5.1,,4.1,,2.8,,1.8,,0.7,,,,,
  South Holland,,32UF,83.4,,0.9,,3.3,,4.4,,5.0,,5.0,,3.7,,3.3,,4.1,,5.6,,6.2,,5.8,,5.4,,5.7,,6.4,,5.1,,4.6,,4.0,,2.7,,1.6,,0.7,,,,,
  South Kesteven,,32UG,132.0,,1.5,,5.7,,7.3,,8.6,,8.5,,6.5,,6.4,,6.6,,9.6,,10.6,,10.0,,8.8,,8.8,,9.5,,6.8,,5.6,,4.6,,3.4,,2.3,,0.9,,,,,
  West Lindsey,,32UH,88.9,,0.9,,3.5,,4.8,,5.7,,5.9,,4.5,,3.7,,3.9,,5.7,,6.9,,6.8,,6.2,,6.3,,6.8,,5.2,,4.2,,3.4,,2.3,,1.4,,0.7,,,,,
  Breckland,,33UB,131.8,,1.4,,5.5,,6.9,,7.8,,7.6,,7.2,,7.4,,7.1,,9.0,,9.4,,8.6,,8.2,,8.8,,9.8,,7.5,,6.6,,5.3,,3.8,,2.6,,1.2,,,,,
  Broadland,,33UC,123.3,,1.1,,4.9,,6.5,,7.2,,6.9,,5.8,,5.5,,5.9,,8.8,,9.8,,9.1,,8.3,,8.4,,9.4,,7.0,,6.3,,5.2,,3.8,,2.4,,1.0,,,,,
  Great Yarmouth,,33UD,94.4,,1.1,,4.1,,4.7,,5.5,,5.9,,5.5,,4.6,,4.5,,6.0,,6.8,,6.4,,6.0,,6.4,,7.3,,5.6,,4.6,,3.8,,2.9,,1.8,,0.9,,,,,
  King's Lynn and West Norfolk,,33UE,144.8,,1.6,,6.2,,7.5,,8.3,,8.1,,7.5,,6.8,,7.0,,9.4,,10.2,,9.9,,9.2,,9.8,,11.2,,8.9,,7.8,,6.6,,4.8,,2.9,,1.2,,,,,
  North Norfolk,,33UF,101.5,,0.8,,3.4,,4.5,,5.5,,5.3,,4.3,,3.8,,3.8,,5.4,,6.4,,6.7,,6.7,,7.7,,9.5,,7.3,,6.7,,5.7,,4.1,,2.6,,1.4,,,,,
  Norwich,,33UG,135.8,,1.8,,5.8,,5.6,,5.9,,8.9,,17.6,,15.2,,10.5,,9.3,,8.4,,7.6,,6.8,,6.7,,6.3,,4.6,,4.3,,4.0,,3.3,,2.3,,1.1,,,,,
  South Norfolk,,33UH,119.2,,1.2,,4.6,,6.4,,7.6,,7.7,,5.1,,4.9,,5.6,,8.0,,9.1,,8.7,,8.0,,8.2,,9.4,,7.0,,6.0,,4.8,,3.5,,2.2,,1.0,,,,,
  Corby,,34UB,55.8,,0.8,,3.0,,3.3,,3.5,,4.0,,3.6,,3.2,,3.1,,4.0,,4.6,,4.3,,3.8,,3.2,,3.1,,2.6,,2.1,,1.6,,1.1,,0.6,,0.2,,,,,
  Daventry,,34UC,79.7,,0.9,,3.6,,4.9,,5.3,,5.2,,4.3,,4.0,,4.3,,6.0,,7.1,,6.3,,5.5,,5.3,,5.5,,3.6,,2.9,,2.2,,1.6,,1.0,,0.4,,,,,
  East Northamptonshire,,34UD,86.2,,1.0,,4.2,,5.2,,5.9,,6.5,,3.4,,4.2,,5.1,,6.7,,7.4,,6.2,,5.5,,5.8,,5.8,,3.9,,3.2,,2.4,,1.8,,1.2,,0.6,,,,,
  Kettering,,34UE,90.7,,1.2,,4.8,,5.4,,5.4,,5.7,,5.1,,5.5,,6.0,,7.1,,7.3,,6.4,,5.5,,5.6,,5.8,,4.1,,3.2,,2.6,,2.1,,1.4,,0.6,,,,,
  Northampton,,34UF,205.2,,3.2,,10.9,,11.5,,11.6,,13.6,,15.6,,16.3,,14.4,,15.5,,15.8,,14.1,,11.9,,11.7,,11.3,,7.8,,6.4,,5.6,,4.3,,2.8,,1.2,,,,,
  South Northamptonshire,,34UG,91.0,,1.0,,4.1,,5.8,,5.9,,5.6,,4.3,,4.3,,5.3,,7.4,,8.3,,7.4,,6.2,,5.9,,6.2,,4.1,,3.1,,2.6,,1.8,,1.1,,0.5,,,,,
  Wellingborough,,34UH,76.4,,1.0,,3.8,,4.5,,4.8,,4.9,,4.5,,4.5,,4.6,,5.8,,6.1,,5.4,,4.8,,4.8,,5.1,,3.5,,2.8,,2.3,,1.8,,1.1,,0.4,,,,,
  Alnwick,,35UB,32.4,,0.3,,1.2,,1.6,,1.8,,1.8,,1.5,,1.3,,1.4,,2.0,,2.4,,2.5,,2.5,,2.6,,2.6,,2.0,,1.7,,1.4,,1.0,,0.6,,0.2,,,,,
  Berwick-upon-Tweed,,35UC,25.9,,0.2,,0.7,,1.1,,1.3,,1.4,,1.2,,1.1,,1.0,,1.3,,1.7,,2.0,,1.8,,2.1,,2.3,,1.8,,1.6,,1.3,,1.0,,0.6,,0.4,,,,,
  Blyth Valley,,35UD,81.2,,0.9,,3.8,,4.4,,4.8,,5.2,,5.0,,4.7,,4.7,,5.5,,6.0,,5.8,,5.7,,5.9,,5.7,,3.9,,3.3,,2.5,,1.8,,1.0,,0.4,,,,,
  Castle Morpeth,,35UE,50.1,,0.5,,1.8,,2.6,,2.9,,3.0,,2.8,,2.2,,2.0,,2.9,,3.9,,4.1,,3.8,,3.6,,3.7,,2.8,,2.6,,2.1,,1.6,,0.8,,0.4,,,,,
  Tynedale,,35UF,59.5,,0.6,,2.3,,3.2,,3.4,,3.6,,2.7,,2.3,,2.4,,3.7,,4.6,,5.0,,4.7,,4.6,,4.7,,3.4,,2.8,,2.4,,1.7,,1.1,,0.5,,,,,
  Wansbeck,,35UG,61.8,,0.7,,2.7,,3.3,,3.5,,3.9,,3.8,,3.4,,3.2,,4.3,,4.8,,4.6,,4.2,,4.2,,4.2,,3.1,,2.7,,2.2,,1.6,,0.9,,0.4,,,,,
  Craven,,36UB,56.2,,0.5,,2.0,,2.8,,3.5,,3.7,,2.5,,2.2,,2.4,,3.5,,4.2,,4.3,,4.2,,4.0,,4.4,,3.3,,2.8,,2.4,,1.8,,1.3,,0.6,,,,,
  Hambleton,,36UC,87.1,,0.9,,3.6,,4.6,,5.1,,5.5,,4.4,,3.8,,3.6,,5.5,,6.9,,6.7,,6.0,,6.3,,6.6,,5.1,,4.4,,3.4,,2.4,,1.4,,0.7,,,,,
  Harrogate,,36UD,160.5,,1.7,,6.6,,8.3,,9.7,,11.2,,8.7,,8.3,,8.6,,11.5,,12.9,,12.4,,10.7,,10.0,,10.6,,8.1,,6.9,,5.6,,4.5,,2.8,,1.5,,,,,
  Richmondshire,,36UE,51.5,,0.5,,2.2,,3.0,,3.0,,3.8,,3.9,,3.6,,2.8,,3.5,,3.5,,3.5,,3.2,,3.2,,3.5,,2.5,,2.1,,1.5,,1.2,,0.7,,0.4,,,,,
  Ryedale,,36UF,53.5,,0.5,,2.0,,2.6,,3.4,,3.8,,2.2,,2.1,,2.3,,3.3,,4.0,,4.0,,3.8,,4.0,,4.3,,3.3,,2.7,,2.3,,1.6,,1.0,,0.5,,,,,
  Scarborough,,36UG,108.5,,1.1,,4.2,,5.1,,6.2,,7.0,,6.4,,4.7,,4.6,,6.2,,7.5,,7.9,,7.3,,7.6,,8.7,,6.6,,5.8,,4.7,,3.6,,2.4,,1.1,,,,,
  Selby,,36UH,82.0,,1.0,,3.8,,4.5,,5.2,,5.8,,4.1,,3.8,,4.5,,6.0,,6.9,,6.8,,5.7,,5.6,,5.5,,3.8,,3.2,,2.5,,1.8,,1.1,,0.5,,,,,
  Ashfield,,37UB,116.5,,1.4,,5.3,,6.4,,7.1,,7.6,,7.0,,6.7,,6.8,,8.9,,9.4,,8.5,,7.0,,7.2,,7.7,,6.0,,4.7,,3.7,,2.7,,1.7,,0.7,,,,,
  Bassetlaw,,37UC,112.2,,1.3,,4.7,,5.9,,7.0,,7.4,,6.1,,5.6,,5.9,,8.0,,9.0,,8.5,,7.6,,7.6,,7.9,,5.9,,4.9,,3.8,,2.7,,1.7,,0.8,,,,,
  Broxtowe,,37UD,112.0,,1.2,,4.2,,5.2,,6.1,,7.1,,8.1,,8.1,,7.1,,8.0,,8.8,,8.1,,7.0,,6.9,,7.2,,5.3,,4.5,,3.9,,2.8,,1.7,,0.7,,,,,
  Gedling,,37UE,112.1,,1.2,,4.7,,5.8,,6.5,,7.0,,6.3,,6.3,,6.3,,8.2,,8.9,,8.3,,7.3,,7.4,,7.5,,5.6,,5.1,,4.0,,3.1,,1.8,,0.8,,,,,
  Mansfield,,37UF,100.6,,1.3,,4.7,,5.2,,6.1,,6.9,,6.4,,5.9,,5.5,,7.0,,8.0,,7.5,,6.6,,6.3,,6.3,,4.8,,4.1,,3.4,,2.5,,1.5,,0.6,,,,,
  Newark and Sherwood,,37UG,113.3,,1.2,,4.9,,6.4,,7.0,,7.1,,6.2,,5.4,,5.7,,8.1,,9.0,,8.5,,7.5,,7.5,,8.2,,5.9,,5.0,,4.1,,2.8,,1.8,,0.8,,,,,
  Rushcliffe,,37UJ,109.8,,1.2,,4.9,,6.1,,6.7,,6.7,,6.4,,5.9,,6.4,,7.9,,9.1,,8.5,,7.3,,6.9,,7.1,,5.0,,4.3,,3.9,,2.9,,1.8,,0.8,,,,,
  Cherwell,,38UB,138.2,,2.0,,7.2,,8.1,,8.5,,8.9,,7.4,,8.5,,9.1,,11.2,,11.7,,10.6,,8.8,,8.3,,7.7,,5.7,,4.9,,4.0,,2.8,,1.9,,0.9,,,,,
  Oxford,,38UC,153.9,,2.0,,6.5,,6.5,,7.1,,12.1,,27.2,,18.8,,11.3,,10.0,,9.3,,8.1,,6.8,,6.2,,5.4,,4.0,,3.6,,3.4,,2.8,,1.9,,0.9,,,,,
  South Oxfordshire,,38UD,129.1,,1.7,,6.5,,7.9,,7.9,,8.3,,5.9,,6.2,,7.2,,9.9,,11.0,,10.2,,8.6,,8.0,,8.4,,6.2,,5.2,,4.2,,3.1,,2.1,,1.0,,,,,
  Vale of White Horse,,38UE,116.9,,1.4,,5.5,,6.9,,7.8,,8.1,,5.3,,6.0,,6.7,,8.2,,9.3,,9.1,,7.9,,7.5,,7.4,,5.4,,4.7,,3.9,,2.8,,2.0,,0.9,,,,,
  West Oxfordshire,,38UF,101.6,,1.3,,4.9,,5.9,,6.4,,6.4,,4.8,,5.2,,5.6,,7.7,,8.4,,7.6,,6.6,,6.5,,6.6,,5.0,,4.0,,3.4,,2.7,,1.8,,0.9,,,,,
  Bridgnorth,,39UB,52.1,,0.5,,1.8,,2.5,,3.0,,3.2,,3.0,,2.2,,2.1,,3.3,,3.9,,3.8,,3.5,,4.0,,4.4,,3.3,,2.6,,2.1,,1.5,,0.9,,0.4,,,,,
  North Shropshire,,39UC,60.6,,0.7,,2.6,,3.4,,3.8,,4.2,,3.2,,2.8,,2.7,,4.0,,4.8,,4.5,,4.0,,4.0,,4.4,,3.2,,2.8,,2.3,,1.7,,1.1,,0.5,,,,,
  Oswestry,,39UD,40.7,,0.4,,1.7,,2.2,,2.8,,2.7,,2.2,,2.0,,2.0,,3.0,,3.1,,2.9,,2.6,,2.7,,2.8,,2.2,,1.8,,1.5,,1.1,,0.7,,0.3,,,,,
  Shrewsbury and Atcham,,39UE,96.6,,1.1,,4.1,,5.1,,6.1,,7.4,,4.3,,4.5,,5.1,,6.8,,7.5,,7.1,,6.4,,6.3,,6.6,,5.2,,4.3,,3.6,,2.7,,1.7,,0.8,,,,,
  South Shropshire,,39UF,42.9,,0.4,,1.5,,2.2,,2.5,,2.4,,1.6,,1.3,,1.5,,2.4,,3.1,,3.2,,3.0,,3.3,,3.8,,3.0,,2.6,,2.2,,1.5,,0.9,,0.4,,,,,
  Mendip,,40UB,110.1,,1.2,,4.7,,6.2,,7.6,,8.7,,4.7,,4.6,,5.3,,7.6,,8.9,,8.1,,7.4,,7.5,,7.5,,5.6,,4.7,,3.9,,3.0,,2.0,,1.0,,,,,
  Sedgemoor,,40UC,112.8,,1.2,,4.7,,6.0,,7.1,,7.5,,5.5,,5.1,,5.1,,7.3,,8.7,,8.2,,7.6,,8.0,,8.3,,6.4,,5.2,,4.4,,3.4,,2.1,,1.0,,,,,
  South Somerset,,40UD,158.7,,1.7,,6.6,,8.5,,9.9,,10.2,,7.8,,7.3,,7.6,,10.3,,11.5,,11.0,,10.2,,10.8,,12.0,,9.1,,7.7,,6.7,,5.0,,3.2,,1.5,,,,,
  Taunton Deane,,40UE,108.7,,1.2,,4.8,,5.8,,6.9,,7.6,,5.4,,5.7,,5.7,,7.3,,8.0,,7.7,,6.9,,7.1,,7.3,,5.4,,4.8,,4.4,,3.5,,2.3,,1.1,,,,,
  West Somerset,,40UF,35.5,,0.3,,1.1,,1.5,,1.8,,2.1,,1.9,,1.0,,0.9,,1.6,,2.2,,2.4,,2.4,,2.8,,3.3,,2.7,,2.4,,1.9,,1.6,,1.1,,0.6,,,,,
  Cannock Chase,,41UB,94.8,,1.1,,4.4,,5.4,,6.1,,6.4,,5.9,,5.5,,5.5,,7.6,,7.9,,6.9,,6.0,,5.9,,6.0,,4.5,,3.5,,2.8,,2.0,,1.1,,0.4,,,,,
  East Staffordshire,,41UC,109.1,,1.4,,5.2,,6.3,,7.0,,7.4,,6.0,,5.8,,5.8,,8.0,,8.9,,8.4,,7.3,,6.6,,6.8,,5.2,,4.5,,3.7,,2.6,,1.4,,0.7,,,,,
  Lichfield,,41UD,97.9,,1.0,,4.2,,5.2,,6.0,,6.2,,5.1,,4.6,,5.0,,6.8,,7.6,,7.2,,6.6,,6.7,,7.7,,5.9,,4.4,,3.4,,2.3,,1.5,,0.6,,,,,
  Newcastle-under-Lyme,,41UE,124.7,,1.2,,5.1,,6.2,,7.0,,8.3,,10.0,,7.7,,6.7,,8.4,,9.2,,8.8,,7.9,,7.9,,8.2,,6.0,,5.3,,4.4,,3.2,,2.0,,0.9,,,,,
  South Staffordshire,,41UF,106.4,,0.9,,3.9,,5.4,,6.4,,7.0,,6.0,,4.7,,4.5,,6.7,,8.5,,8.5,,7.7,,7.5,,7.9,,6.4,,5.2,,4.0,,2.8,,1.7,,0.7,,,,,
  Stafford,,41UG,124.7,,1.4,,5.2,,6.2,,6.9,,7.6,,7.7,,6.3,,6.3,,8.7,,9.7,,9.2,,8.4,,8.5,,9.1,,7.0,,5.6,,4.5,,3.2,,2.1,,1.0,,,,,
  Staffordshire Moorlands,,41UH,95.5,,0.9,,3.6,,4.9,,5.5,,5.8,,4.8,,4.2,,4.4,,6.6,,7.5,,7.0,,6.7,,7.1,,7.6,,5.6,,4.7,,3.7,,2.6,,1.6,,0.7,,,,,
  Tamworth,,41UK,75.8,,1.0,,3.8,,4.5,,4.9,,5.2,,4.9,,4.8,,4.8,,5.9,,5.7,,5.3,,5.0,,5.1,,4.7,,3.3,,2.4,,2.0,,1.4,,0.8,,0.3,,,,,
  Babergh,,42UB,87.0,,0.9,,3.7,,4.9,,5.9,,5.5,,3.5,,3.8,,4.1,,5.7,,6.6,,6.2,,5.8,,6.1,,6.9,,5.0,,4.0,,3.4,,2.5,,1.7,,0.8,,,,,
  Forest Heath,,42UC,64.7,,0.9,,3.7,,4.1,,3.5,,4.0,,5.1,,5.3,,5.0,,5.1,,4.9,,3.8,,3.2,,3.3,,3.4,,2.7,,2.2,,1.8,,1.4,,0.9,,0.4,,,,,
  Ipswich,,42UD,122.3,,1.8,,6.3,,6.5,,7.3,,8.0,,8.4,,9.7,,9.0,,9.2,,8.5,,7.9,,7.2,,6.7,,6.5,,4.7,,4.6,,4.1,,3.1,,2.0,,0.9,,,,,
  Mid Suffolk,,42UE,94.7,,0.9,,4.2,,5.3,,5.9,,5.4,,4.6,,4.7,,4.6,,6.4,,7.5,,7.0,,6.5,,6.7,,7.0,,5.2,,4.3,,3.5,,2.6,,1.5,,0.7,,,,,
  St. Edmundsbury,,42UF,103.7,,1.3,,4.9,,5.7,,6.2,,6.1,,5.5,,5.9,,6.2,,7.6,,8.2,,7.1,,6.4,,6.5,,7.4,,5.5,,4.6,,3.5,,2.6,,1.8,,0.8,,,,,
  Suffolk Coastal,,42UG,125.6,,1.2,,4.9,,6.7,,8.0,,7.7,,5.5,,5.3,,5.5,,8.0,,9.5,,9.3,,8.4,,8.8,,9.6,,7.3,,6.5,,5.5,,4.1,,2.7,,1.2,,,,,
  Waveney,,42UH,117.7,,1.2,,4.7,,6.0,,7.1,,7.5,,6.6,,5.6,,5.5,,7.2,,8.2,,7.7,,7.2,,7.8,,9.0,,6.8,,6.2,,5.4,,4.0,,2.7,,1.2,,,,,
  Elmbridge,,43UB,132.4,,1.8,,7.1,,8.2,,8.2,,7.4,,5.9,,6.9,,8.9,,10.8,,11.9,,10.8,,8.5,,7.9,,7.6,,5.1,,4.7,,4.0,,3.3,,2.4,,1.2,,,,,
  Epsom and Ewell,,43UC,72.4,,0.9,,3.5,,4.3,,4.3,,4.7,,4.0,,4.1,,4.3,,5.6,,6.0,,5.4,,4.5,,4.6,,4.4,,3.2,,2.6,,2.3,,1.8,,1.2,,0.7,,,,,
  Guildford,,43UD,135.7,,1.6,,6.0,,7.2,,7.5,,9.5,,12.0,,9.9,,8.8,,9.5,,10.0,,9.5,,8.4,,7.9,,7.7,,5.3,,4.8,,4.2,,3.0,,2.0,,1.0,,,,,
  Mole Valley,,43UE,82.0,,0.9,,3.6,,4.8,,5.3,,5.1,,3.2,,3.3,,3.9,,5.4,,6.8,,6.5,,5.6,,5.4,,5.9,,4.3,,3.8,,3.3,,2.5,,1.7,,0.8,,,,,
  Reigate and Banstead,,43UF,134.8,,1.8,,6.8,,8.0,,7.9,,7.8,,6.6,,8.2,,9.3,,10.7,,11.4,,10.1,,8.6,,8.2,,8.1,,5.5,,4.8,,4.2,,3.4,,2.4,,1.1,,,,,
  Runnymede,,43UG,83.4,,0.9,,3.4,,4.1,,4.3,,4.8,,7.4,,6.9,,5.5,,6.1,,6.5,,6.0,,5.0,,4.6,,4.7,,3.4,,3.1,,2.6,,2.0,,1.4,,0.7,,,,,
  Spelthorne,,43UH,91.2,,1.1,,4.3,,5.0,,5.3,,5.2,,4.9,,5.4,,5.8,,7.0,,7.8,,7.1,,5.6,,5.4,,5.4,,4.2,,3.8,,3.4,,2.4,,1.5,,0.6,,,,,
  Surrey Heath,,43UJ,83.4,,1.0,,4.2,,5.2,,5.5,,5.0,,3.8,,4.4,,4.8,,6.6,,7.6,,6.7,,5.6,,5.1,,5.1,,3.7,,3.2,,2.5,,1.7,,1.1,,0.5,,,,,
  Tandridge,,43UK,83.5,,0.9,,3.8,,5.0,,5.6,,5.7,,3.4,,3.9,,4.2,,5.8,,6.9,,6.7,,5.7,,5.5,,5.6,,4.0,,3.2,,2.9,,2.3,,1.5,,0.8,,,,,
  Waverley,,43UL,118.7,,1.4,,5.9,,7.2,,7.9,,9.1,,4.4,,4.8,,6.4,,8.4,,9.5,,8.8,,7.8,,7.5,,7.8,,5.6,,5.0,,4.2,,3.3,,2.4,,1.3,,,,,
  Woking,,43UM,92.2,,1.4,,5.0,,5.5,,5.4,,5.2,,4.7,,6.2,,6.9,,7.7,,7.8,,6.9,,5.7,,5.3,,5.0,,3.5,,3.2,,2.9,,2.1,,1.3,,0.7,,,,,
  North Warwickshire,,44UB,62.3,,0.6,,2.5,,3.3,,3.8,,4.0,,3.5,,3.1,,3.2,,4.5,,5.1,,4.8,,4.3,,4.4,,4.5,,3.2,,2.6,,2.1,,1.4,,0.8,,0.4,,,,,
  Nuneaton and Bedworth,,44UC,122.0,,1.6,,5.9,,6.9,,7.9,,8.2,,7.4,,7.2,,7.0,,8.8,,9.5,,8.6,,7.8,,7.9,,7.9,,5.8,,4.8,,3.9,,2.7,,1.6,,0.6,,,,,
  Rugby,,44UD,91.7,,1.2,,4.4,,5.4,,6.0,,6.6,,4.3,,4.5,,5.1,,6.7,,7.5,,6.8,,5.8,,5.6,,6.1,,4.5,,3.6,,3.1,,2.2,,1.5,,0.6,,,,,
  Stratford-on-Avon,,44UE,118.8,,1.2,,5.1,,6.6,,7.1,,6.8,,5.1,,4.9,,5.7,,7.9,,9.4,,9.1,,8.3,,8.5,,9.5,,6.8,,5.9,,4.6,,3.4,,2.1,,1.0,,,,,
  Warwick,,44UF,135.7,,1.5,,5.9,,7.0,,7.3,,7.6,,10.0,,11.0,,9.1,,10.0,,10.4,,9.5,,8.2,,8.0,,8.0,,6.1,,5.2,,4.4,,3.4,,2.2,,1.0,,,,,
  Adur,,45UB,60.7,,0.7,,2.5,,3.2,,3.6,,4.0,,3.0,,2.8,,3.2,,4.0,,4.5,,4.2,,3.9,,3.8,,4.4,,3.3,,2.9,,2.7,,2.1,,1.4,,0.6,,,,,
  Arun,,45UC,146.6,,1.4,,5.6,,7.2,,7.9,,8.2,,6.9,,6.0,,6.2,,8.7,,10.3,,9.5,,8.9,,9.5,,11.5,,9.5,,8.8,,7.7,,6.1,,4.3,,2.3,,,,,
  Chichester,,45UD,110.5,,1.1,,4.5,,5.7,,6.6,,6.3,,5.4,,4.9,,4.5,,6.3,,7.9,,7.8,,7.4,,7.4,,8.5,,6.8,,6.1,,5.3,,4.0,,2.7,,1.2,,,,,
  Crawley,,45UE,101.3,,1.5,,5.1,,6.0,,6.2,,6.5,,6.8,,7.8,,7.4,,7.9,,8.0,,7.2,,6.4,,5.5,,4.6,,3.3,,3.2,,3.3,,2.3,,1.5,,0.7,,,,,
  Horsham,,45UF,130.7,,1.3,,5.7,,7.6,,9.3,,8.5,,5.5,,5.9,,6.6,,9.0,,11.2,,10.4,,9.0,,8.6,,8.7,,6.4,,5.4,,4.7,,3.5,,2.3,,1.1,,,,,
  Mid Sussex,,45UG,131.6,,1.6,,6.5,,7.9,,8.8,,8.5,,5.7,,6.3,,7.0,,9.4,,10.8,,10.0,,9.0,,8.5,,9.0,,6.0,,5.2,,4.7,,3.5,,2.3,,1.0,,,,,
  Worthing,,45UH,100.2,,1.2,,4.6,,5.3,,5.5,,5.9,,5.1,,5.3,,5.9,,7.1,,7.9,,7.1,,5.9,,5.8,,6.2,,4.8,,4.5,,4.2,,3.6,,2.6,,1.6,,,,,
  Kennet,,46UB,79.6,,0.9,,3.8,,4.8,,5.3,,6.4,,4.0,,3.6,,4.0,,5.6,,6.2,,6.0,,5.2,,5.1,,5.2,,3.9,,3.2,,2.7,,1.9,,1.3,,0.6,,,,,
  North Wiltshire,,46UC,133.4,,1.6,,6.5,,8.2,,8.9,,8.8,,6.5,,6.4,,7.4,,10.5,,11.5,,10.6,,8.7,,8.3,,8.5,,6.0,,5.0,,4.1,,3.0,,1.9,,0.9,,,,,
  Salisbury,,46UD,116.1,,1.4,,5.0,,6.7,,7.4,,7.1,,6.2,,5.8,,6.1,,8.0,,9.1,,8.5,,7.5,,7.3,,7.6,,6.0,,5.3,,4.5,,3.4,,2.3,,1.0,,,,,
  West Wiltshire,,46UF,126.4,,1.5,,5.7,,7.5,,8.0,,8.0,,6.3,,5.9,,6.9,,9.2,,9.9,,9.1,,8.0,,8.1,,8.6,,6.6,,5.6,,4.5,,3.4,,2.3,,1.2,,,,,
  Bromsgrove,,47UB,92.8,,0.9,,4.0,,5.0,,5.9,,6.0,,4.2,,4.2,,4.7,,6.6,,7.7,,7.2,,6.4,,6.3,,6.4,,4.8,,4.1,,3.5,,2.5,,1.6,,0.8,,,,,
  Malvern Hills,,47UC,74.8,,0.6,,2.8,,3.9,,4.9,,5.4,,2.6,,2.6,,3.0,,4.5,,5.6,,5.4,,5.1,,5.6,,6.0,,4.5,,4.0,,3.2,,2.5,,1.7,,0.9,,,,,
  Redditch,,47UD,79.9,,1.1,,4.3,,4.6,,4.8,,5.2,,4.9,,5.3,,5.2,,6.0,,6.0,,5.5,,5.5,,5.7,,5.1,,3.2,,2.5,,2.2,,1.5,,1.0,,0.4,,,,,
  Worcester,,47UE,94.1,,1.3,,4.7,,5.3,,5.4,,5.9,,6.1,,6.8,,6.6,,7.7,,7.5,,6.7,,5.6,,5.4,,5.2,,3.9,,3.5,,2.7,,1.9,,1.4,,0.6,,,,,
  Wychavon,,47UF,117.3,,1.2,,4.9,,6.4,,7.1,,6.9,,5.5,,5.1,,5.4,,8.1,,9.3,,8.9,,8.2,,8.3,,9.1,,6.7,,5.4,,4.5,,3.4,,2.1,,0.9,,,,,
  Wyre Forest,,47UG,98.7,,1.1,,4.1,,5.0,,5.6,,6.0,,5.4,,5.0,,5.2,,6.8,,7.6,,6.6,,6.2,,7.2,,8.1,,5.8,,4.6,,3.4,,2.6,,1.6,,0.8,,,,,
Derry ,,95A,109.1,,1.6,,6.1,,7.8,,8.5,,8.8,,8.4,,7.8,,7.4,,7.9,,8.2,,7.6,,6.4,,5.6,,5.0,,3.8,,3.2,,2.4,,1.6,,1.1,,"""",,,,,
Limavady,,95B,34.1,,0.5,,1.8,,2.4,,2.6,,2.5,,2.3,,2.4,,2.6,,2.7,,2.6,,2.3,,2.1,,1.8,,1.6,,1.3,,0.9,,0.7,,0.5,,0.4,,"""",,,,,
Coleraine,,95C,57.0,,0.7,,2.6,,3.5,,3.9,,3.9,,4.0,,3.0,,3.3,,3.9,,4.3,,4.0,,3.7,,3.3,,3.2,,2.9,,2.4,,1.9,,1.3,,1.1,,"""",,,,,
Ballymoney,,95D,30.1,,0.4,,1.6,,2.0,,2.1,,2.0,,2.0,,2.0,,2.0,,2.4,,2.3,,2.1,,1.8,,1.6,,1.6,,1.4,,1.0,,0.8,,0.6,,0.5,,"""",,,,,
Moyle,,95E,16.9,,0.2,,0.8,,1.0,,1.1,,1.2,,1.2,,1.0,,0.9,,1.1,,1.2,,1.2,,1.1,,1.1,,1.0,,0.8,,0.7,,0.5,,0.4,,0.3,,"""",,,,,
Larne,,95F,31.3,,0.4,,1.4,,1.8,,2.0,,2.1,,2.0,,1.7,,1.6,,2.2,,2.5,,2.5,,2.1,,2.0,,1.9,,1.6,,1.3,,1.0,,0.7,,0.5,,"""",,,,,
Ballymena,,95G,62.7,,0.8,,3.2,,3.9,,4.1,,3.9,,4.3,,4.1,,3.7,,4.7,,4.7,,4.2,,3.9,,3.7,,3.6,,2.9,,2.5,,1.9,,1.4,,1.2,,"""",,,,,
Magherafelt,,95H,43.8,,0.7,,2.5,,3.1,,3.3,,3.2,,3.4,,3.3,,3.4,,3.4,,3.2,,2.8,,2.5,,2.2,,2.0,,1.6,,1.2,,1.0,,0.7,,0.5,,"""",,,,,
Cookstown,,95I,35.9,,0.5,,2.1,,2.4,,2.6,,2.7,,3.0,,3.0,,2.5,,2.5,,2.5,,2.3,,2.1,,1.8,,1.8,,1.4,,1.1,,0.8,,0.6,,0.5,,"""",,,,,
Strabane,,95J,39.6,,0.6,,2.1,,2.8,,3.1,,2.8,,2.9,,2.7,,2.5,,3.1,,3.0,,2.5,,2.2,,2.1,,2.0,,1.6,,1.3,,1.0,,0.7,,0.5,,"""",,,,,
Omagh,,95K,52.1,,0.7,,2.8,,3.6,,4.0,,3.7,,4.0,,3.9,,3.6,,3.8,,3.6,,3.6,,3.3,,2.8,,2.4,,2.0,,1.5,,1.3,,0.9,,0.7,,"""",,,,,
Fermanagh,,95L,62.0,,0.9,,3.1,,4.0,,4.3,,4.1,,4.3,,4.1,,4.1,,4.4,,4.4,,4.2,,4.0,,3.7,,3.4,,2.5,,2.2,,1.7,,1.4,,1.1,,"""",,,,,
Dungannon,,95M,55.4,,0.9,,3.3,,3.7,,3.9,,4.0,,4.6,,4.6,,3.9,,4.0,,3.7,,3.6,,3.1,,2.7,,2.5,,2.0,,1.7,,1.4,,1.0,,0.8,,"""",,,,,
Craigavon,,95N,90.8,,1.5,,5.2,,5.7,,6.3,,6.4,,6.9,,6.8,,6.0,,6.6,,6.9,,6.2,,5.2,,4.7,,4.5,,3.6,,3.0,,2.3,,1.6,,1.3,,"""",,,,,
Armagh,,95O,58.2,,0.9,,3.4,,4.1,,4.3,,4.2,,4.4,,3.6,,3.6,,3.9,,4.1,,4.0,,3.5,,3.2,,3.0,,2.4,,2.0,,1.5,,1.1,,0.8,,"""",,,,,
Newry & Mourne,,95P,97.3,,1.6,,6.0,,7.1,,7.3,,7.3,,7.8,,7.2,,6.3,,6.8,,7.0,,6.4,,5.7,,5.0,,4.4,,3.5,,3.0,,2.3,,1.6,,1.1,,"""",,,,,
Banbridge,,95Q,47.0,,0.7,,2.7,,3.2,,3.3,,3.0,,3.1,,3.0,,3.2,,3.8,,3.8,,3.4,,2.9,,2.5,,2.3,,1.9,,1.5,,1.2,,0.8,,0.7,,"""",,,,,
Down,,95R,69.8,,1.0,,3.7,,4.5,,5.2,,5.0,,5.1,,4.8,,4.3,,4.9,,5.3,,4.8,,4.3,,3.9,,3.6,,2.9,,2.4,,1.8,,1.4,,1.2,,"""",,,,,
Lisburn,,95S,114.8,,1.8,,6.5,,7.6,,8.5,,8.2,,8.0,,7.7,,7.0,,8.2,,8.9,,8.3,,7.0,,6.2,,5.8,,4.8,,3.7,,3.0,,2.1,,1.5,,"""",,,,,
Antrim,,95T,53.2,,0.8,,3.1,,3.8,,3.9,,3.5,,3.8,,3.8,,3.6,,4.2,,4.3,,3.5,,3.0,,2.9,,2.7,,2.2,,1.6,,1.2,,0.8,,0.6,,"""",,,,,
Newtownabbey,,95U,82.7,,1.2,,4.3,,4.9,,5.3,,5.8,,5.8,,4.8,,5.3,,6.1,,6.3,,6.0,,5.2,,4.7,,4.5,,3.7,,3.2,,2.6,,2.0,,1.3,,"""",,,,,
Carrickfergus,,95V,40.0,,0.5,,1.9,,2.4,,2.8,,2.7,,2.7,,2.4,,2.4,,3.0,,3.3,,3.1,,2.5,,2.3,,2.2,,1.8,,1.5,,1.2,,0.8,,0.6,,"""",,,,,
North Down,,95W,78.9,,1.0,,3.6,,4.3,,4.7,,4.6,,4.7,,4.6,,4.9,,5.6,,5.7,,5.6,,5.3,,5.2,,5.3,,3.9,,3.1,,2.7,,2.0,,2.0,,"""",,,,,
Ards,,95X,77.6,,1.0,,3.7,,4.6,,4.9,,4.8,,4.7,,4.7,,4.5,,5.5,,6.1,,5.7,,5.1,,5.0,,5.2,,3.8,,2.9,,2.3,,1.6,,1.4,,"""",,,,,
Castlereagh,,95Y,66.2,,0.8,,2.9,,3.8,,4.4,,4.4,,3.9,,3.6,,3.8,,4.6,,5.7,,5.4,,4.4,,3.6,,3.5,,3.0,,2.7,,2.5,,1.9,,1.3,,"""",,,,,
Belfast,,95Z,268.3,,3.8,,13.2,,15.1,,16.6,,21.9,,25.5,,21.6,,17.4,,16.7,,17.9,,17.4,,15.3,,12.9,,12.5,,10.7,,10.0,,8.6,,6.3,,5.0,,"""",,,,,