Appendix 1  - Better connected 2010,,,,,,,,,,,,,,,,,,,,,,,,,
,,,,,Overall rankings,Quality and scope of information,Quality and scope of information,Quality and scope of information,Quality and scope of information,Quality and scope of information,Quality and scope of information,Quality and scope of information,Quality and scope of content,Quality and scope of content,Quality and scope of content,Quality and scope of content,Quality and scope of content,Quality and scope of content,Usability of website,Usability of website,Usability of website,Usability of website,Usability of website,Usability of website,Overall reviewer rating
Ref,Local authority,,URL,Type,"Overall ranking (stars, out of 4)",Does the website provide good information on jobs?,Does the website provide good information on library services?,Does the website provide good information on schools?,Does the website provide good information on family history?,Does the website provide good information on planning?,Does the website provide good information on rubbish collection?,Does the website overall provide good information on a range of topics?,Are there links to external sources of info?,Is the site kept up-to-date?,Does the content capture people's attention by its newsworthiness?,Can people carry out business with the council online? ,Can people do business with the council by e-mail?,Do people have the opportunity to influence council policies and decisions?,Can people find their way easily to a specific topic (A to Z list)?,Does the search function work well?,Is the navigation clear?,Can people find information easily by using a map or postcode (or other similar)?,Can people use the site if they have a disability (Accessibility)?,Can people rely on the site to be available and working properly?,"Overall reviewer rating (1 = Poor, 2 = Satisfactory, 3 = Very good)"
Muid id,,,,,1,100,100,100,100,100,100,100,100,100,100,100,100,100,100,100,100,100,100,100,1
1,Aberdeen City,,www.aberdeencity.gov.uk,SU,2 star,N,N,N,Y,Y,Y,N,Y,N,Y,Y,Y,N,Y,Y,N,N,N,N,2
2,Aberdeenshire,,www.aberdeenshire.gov.uk,SU,3 star,Y,Y,Y,Y,N,Y,Y,Y,N,Y,N,Y,N,Y,N,Y,Y,Y,N,3
3,Adur DC,,www.adur.gov.uk,SD,2 star,Y,Y,N,N,Y,Y,Y,N,N,Y,Y,N,Y,Y,Y,N,Y,Y,Y,2
4,Allerdale BC,,www.allerdale.gov.uk,SD,4 star,Y,Y,Y,N,Y,Y,Y,Y,Y,Y,Y,N,N,Y,Y,Y,Y,Y,N,3
5,Amber Valley BC,,www.ambervalley.gov.uk,SD,1 star,Y,Y,N,N,N,N,N,N,Y,Y,Y,N,N,N,N,N,N,N,N,1
6,Angus,,www.angus.gov.uk,SU,1 star,N,N,N,N,N,N,N,N,N,N,N,N,Y,N,N,N,N,N,N,1
7,Antrim BC,,www.antrim.gov.uk,IR,1 star,N,N,N,N,N,N,N,N,N,N,N,N,N,N,N,Y,N,N,N,1
8,Ards BC,,www.ards-council.gov.uk,IR,1 star,N,N,N,N,N,N,N,N,N,N,N,N,N,N,N,Y,N,N,N,1
9,Argyll & Bute,,www.argyll-bute.gov.uk,SU,1 star,N,N,N,N,N,N,N,N,N,Y,N,Y,N,N,N,N,N,N,N,1
10,Armagh City & DC,,www.armagh.gov.uk,IR,1 star,N,N,N,N,N,N,N,N,N,N,N,N,N,N,N,N,N,N,N,1
11,Arun DC,,www.arun.gov.uk,SD,2 star,Y,Y,Y,N,N,Y,Y,N,Y,Y,N,N,Y,Y,Y,Y,N,N,N,2
12,Ashfield DC,,www.ashfield.gov.uk,SD,2 star,N,N,N,N,N,N,N,Y,N,Y,Y,N,N,Y,N,Y,N,N,N,2
13,Ashford BC,,www.ashford.gov.uk,SD,2 star,Y,Y,Y,N,Y,N,Y,N,Y,N,N,Y,Y,Y,Y,Y,N,N,N,2
14,Aylesbury Vale DC,,www.aylesburyvaledc.gov.uk,SD,3 star,Y,Y,Y,N,Y,Y,Y,Y,Y,Y,Y,N,Y,Y,N,Y,N,Y,N,2
15,Babergh DC,,www.babergh.gov.uk,SD,1 star,Y,Y,Y,N,N,Y,N,N,Y,N,N,N,N,Y,N,N,N,N,N,1
16,Ballymena BC,,www.ballymena.gov.uk,IR,1 star,N,N,N,N,N,N,N,N,N,N,N,N,N,N,N,N,N,N,N,1
17,Ballymoney BC,,www.ballymoney.gov.uk,IR,1 star,N,N,N,N,N,N,N,N,N,N,N,N,Y,N,N,Y,N,N,N,1
18,Banbridge DC,,www.banbridge.com,IR,1 star,N,N,N,Y,N,N,N,N,N,N,N,N,N,N,N,Y,N,N,N,2
19,Barking & Dagenham,,www.barking-dagenham.gov.uk,LB,3 star,N,Y,Y,N,Y,N,N,Y,Y,Y,N,N,Y,N,Y,Y,N,Y,N,3
20,Barnet,,www.barnet.gov.uk,LB,1 star,N,Y,Y,Y,Y,Y,N,N,Y,N,N,N,N,N,N,N,N,Y,N,1
21,Barnsley MBC,,www.barnsley.gov.uk,MD,2 star,Y,Y,N,Y,N,N,N,Y,N,N,N,N,Y,Y,Y,N,N,N,N,2
22,Barrow-in-Furness BC,,www.barrowbc.gov.uk,SD,2 star,Y,Y,N,Y,Y,Y,Y,N,N,N,Y,N,N,Y,N,Y,N,Y,N,2
23,Basildon DC,,www.basildon.gov.uk,SD,3 star,Y,Y,Y,N,N,Y,Y,N,Y,Y,Y,N,Y,Y,Y,Y,N,N,N,3
24,Basingstoke & Deane BC,,www.basingstoke.gov.uk,SD,3 star,Y,Y,Y,N,N,Y,Y,Y,Y,Y,Y,Y,Y,Y,N,Y,N,Y,N,2
25,Bassetlaw DC,,www.bassetlaw.gov.uk,SD,1 star,N,Y,N,N,N,N,N,N,N,N,N,N,N,N,N,N,N,Y,N,1
26,Bath & North East Somerset,,www.bathnes.gov.uk,EU,3 star,Y,Y,Y,Y,Y,Y,Y,Y,Y,Y,Y,Y,N,Y,Y,Y,Y,Y,N,3
27,Bedford BC,,www.bedford.gov.uk,EU,1 star,N,N,N,N,N,N,N,N,N,N,N,N,N,N,Y,Y,N,N,N,1
28,Belfast City,,www.belfastcity.gov.uk,IR,3 star,Y,N,N,N,N,Y,N,N,Y,Y,N,N,N,Y,Y,Y,N,Y,N,3
29,Bexley,,www.bexley.gov.uk,LB,2 star,Y,Y,N,Y,N,Y,Y,N,Y,Y,N,Y,Y,N,N,Y,N,Y,N,2
30,Birmingham City,,www.birmingham.gov.uk,MD,2 star,Y,Y,Y,Y,Y,Y,Y,Y,Y,Y,N,N,N,Y,Y,N,N,Y,N,2
31,Blaby DC,,www.blaby.gov.uk,SD,2 star,N,Y,Y,Y,Y,N,N,Y,N,N,Y,Y,N,Y,Y,Y,N,N,N,2
32,Blackburn with Darwen BC,,www.blackburn.gov.uk,EU,1 star,N,Y,N,Y,Y,N,N,N,N,Y,N,N,N,Y,Y,N,N,Y,N,1
33,Blackpool BC,,www.blackpool.gov.uk,EU,1 star,N,N,Y,Y,Y,N,N,N,N,N,N,N,N,N,Y,N,N,N,N,1
34,Blaenau Gwent CBC,,www.blaenau-gwent.gov.uk,WU,1 star,Y,N,N,N,N,N,N,N,N,N,N,N,N,N,N,Y,N,N,N,1
35,Bolsover DC,,www.bolsover.gov.uk,SD,2 star,Y,Y,Y,N,N,N,N,Y,N,N,N,N,Y,Y,N,Y,N,N,N,2
36,Bolton MBC,,www.bolton.gov.uk,MD,3 star,N,Y,Y,Y,N,Y,Y,N,Y,Y,Y,N,Y,Y,Y,Y,Y,N,N,2
37,Boston BC,,www.boston.gov.uk,SD,1 star,N,N,N,N,N,N,N,N,N,N,N,N,Y,N,N,N,N,N,N,1
38,Bournemouth BC,,www.bournemouth.gov.uk,EU,1 star,N,Y,N,N,N,N,N,N,Y,N,Y,N,N,N,N,N,N,N,N,1
39,Bracknell Forest,,www.bracknell-forest.gov.uk,EU,3 star,N,Y,Y,N,Y,Y,Y,N,Y,Y,N,Y,N,Y,Y,Y,N,N,N,3
40,Bradford City,,www.bradford.gov.uk,MD,1 star,N,N,N,N,N,N,N,N,N,N,N,N,Y,N,N,N,N,N,N,1
41,Braintree DC,,www.braintree.gov.uk,SD,3 star,Y,Y,Y,N,N,Y,Y,Y,Y,Y,N,Y,Y,Y,Y,N,Y,N,N,3
42,Breckland DC,,www.breckland.gov.uk,SD,2 star,Y,Y,N,N,N,N,N,N,Y,N,N,N,N,Y,Y,Y,N,Y,N,2
43,Brent,,www.brent.gov.uk,LB,4 star,N,Y,Y,Y,Y,Y,Y,Y,Y,Y,Y,N,Y,Y,Y,Y,Y,Y,N,3
44,Brentwood BC,,www.brentwood-council.gov.uk,SD,3 star,Y,Y,Y,Y,N,Y,Y,N,Y,Y,Y,N,N,Y,Y,Y,N,N,N,3
45,Bridgend CBC,,www.bridgend.gov.uk,WU,1 star,Y,Y,N,N,N,N,N,N,N,N,N,N,N,N,Y,N,N,N,N,1
46,Brighton & Hove City,,www.brighton-hove.gov.uk,EU,3 star,Y,N,Y,Y,N,Y,Y,Y,Y,Y,N,N,Y,Y,Y,Y,N,Y,N,2
47,Bristol City,,www.bristol-city.gov.uk,EU,3 star,Y,Y,N,Y,Y,Y,Y,N,Y,Y,N,N,Y,Y,Y,Y,Y,Y,N,3
48,Broadland DC,,www.broadland.gov.uk,SD,1 star,Y,Y,N,N,N,N,N,N,N,N,N,Y,N,Y,N,N,N,Y,N,2
49,Bromley,,www.bromley.gov.uk,LB,2 star,Y,Y,Y,Y,N,Y,Y,Y,Y,N,Y,Y,N,Y,N,Y,N,N,N,2
50,Bromsgrove DC,,www.bromsgrove.gov.uk,SD,1 star,N,Y,Y,N,N,N,N,N,Y,Y,N,N,N,N,N,Y,N,N,N,1
51,Broxbourne BC,,www.broxbourne.gov.uk,SD,2 star,Y,Y,Y,N,N,Y,Y,Y,Y,Y,N,N,Y,Y,N,Y,N,N,N,2
52,Broxtowe BC,,www.broxtowe.gov.uk,SD,2 star,Y,Y,N,N,N,N,N,Y,N,N,Y,N,N,Y,N,Y,N,Y,N,1
53,Buckinghamshire CC,,www.buckscc.gov.uk,CC,4 star,Y,Y,Y,Y,N,Y,Y,Y,Y,Y,Y,N,Y,Y,Y,Y,Y,Y,N,3
54,Burnley BC,,www.burnley.gov.uk,SD,2 star,Y,Y,Y,Y,Y,Y,Y,N,Y,Y,N,N,N,Y,Y,Y,N,N,N,2
55,Bury MBC,,www.bury.gov.uk,MD,2 star,Y,N,N,N,Y,N,N,N,Y,N,N,N,Y,Y,N,N,N,Y,N,2
56,Caerphilly CBC,,www.caerphilly.gov.uk,WU,2 star,Y,N,Y,N,N,Y,N,N,Y,N,Y,Y,Y,N,N,Y,N,Y,N,2
57,Calderdale MBC,,www.calderdale.gov.uk,MD,2 star,N,N,N,N,Y,Y,N,Y,N,N,N,Y,N,Y,Y,Y,N,Y,N,2
58,Cambridge City,,www.cambridge.gov.uk,SD,3 star,N,Y,Y,N,N,Y,N,N,N,N,N,Y,Y,Y,Y,Y,N,Y,N,3
59,Cambridgeshire CC,,www.cambridgeshire.gov.uk,CC,4 star,Y,Y,Y,Y,N,Y,Y,Y,Y,Y,Y,N,N,Y,Y,Y,Y,Y,N,3
60,Camden,,www.camden.gov.uk,LB,3 star,N,Y,Y,Y,Y,Y,Y,Y,N,Y,N,N,Y,Y,Y,Y,Y,Y,N,3
61,Cannock Chase DC,,www.cannockchasedc.gov.uk,SD,2 star,N,Y,Y,N,N,N,N,N,N,Y,N,N,N,Y,N,N,N,Y,N,2
62,Canterbury City,,www.canterbury.gov.uk,SD,1 star,Y,Y,Y,N,Y,Y,N,N,Y,N,N,N,Y,N,N,N,N,Y,N,1
63,Cardiff County,,www.cardiff.gov.uk,WU,2 star,Y,Y,N,Y,N,N,N,N,N,N,Y,Y,Y,N,N,Y,Y,N,N,2
64,Carlisle City,,www.carlisle-city.gov.uk,SD,2 star,Y,Y,Y,N,Y,Y,Y,Y,N,N,Y,Y,N,N,Y,Y,N,N,N,2
65,Carmarthenshire CC,,www.carmarthenshire.gov.uk,WU,1 star,Y,N,N,N,N,N,N,N,N,Y,N,N,N,N,N,Y,N,N,N,1
66,Carrickfergus BC,,www.carrickfergus.gov.uk,IR,1 star,N,N,N,N,N,N,N,N,N,N,N,Y,N,N,N,Y,N,Y,N,1
67,Castle Point BC,,www.castlepoint.gov.uk,SD,2 star,Y,Y,Y,N,N,Y,Y,N,Y,Y,Y,N,Y,Y,Y,Y,N,N,N,2
68,Castlereagh BC,,www.castlereagh.gov.uk,IR,1 star,N,N,N,N,N,N,N,N,N,N,N,N,N,N,N,Y,N,N,N,1
69,Central Bedfordshire,,www.centralbedfordshire.gov.uk,EU,1 star,Y,N,N,N,N,Y,N,N,N,N,N,N,N,N,Y,N,N,N,N,1
70,Ceredigion CC,,www.ceredigion.gov.uk,WU,1 star,N,Y,N,N,N,N,N,N,N,N,N,N,N,N,Y,N,N,Y,N,1
71,Charnwood BC,,www.charnwoodbc.gov.uk,SD,2 star,Y,N,N,N,Y,Y,N,Y,Y,Y,Y,N,N,N,Y,N,N,N,N,2
72,Chelmsford BC,,www.chelmsfordbc.gov.uk,SD,3 star,Y,Y,Y,N,N,Y,Y,N,Y,Y,Y,N,Y,Y,Y,Y,N,Y,N,2
73,Cheltenham BC,,www.cheltenham.gov.uk,SD,2 star,N,Y,Y,Y,N,Y,Y,N,Y,Y,N,N,N,Y,N,N,N,N,N,3
74,Cherwell DC,,www.cherwell-dc.gov.uk,SD,3 star,Y,Y,Y,Y,Y,Y,Y,N,Y,Y,Y,Y,Y,Y,Y,Y,N,Y,N,3
75,Cheshire East ,,www.cheshireeast.gov.uk,EU,3 star,N,Y,Y,Y,Y,N,Y,Y,Y,N,N,N,N,Y,Y,Y,N,Y,N,2
76,Cheshire West and Chester,,www.cheshirewestandchester.gov.uk,EU,2 star,N,Y,N,N,Y,N,N,N,Y,Y,N,N,Y,Y,Y,Y,N,Y,N,2
77,Chesterfield BC,,www.chesterfield.gov.uk,SD,2 star,Y,N,N,N,N,N,N,Y,N,Y,Y,Y,N,N,Y,Y,N,N,N,2
78,Chichester DC,,www.chichester.gov.uk,SD,3 star,Y,Y,Y,N,Y,Y,Y,Y,Y,Y,Y,Y,Y,Y,N,Y,Y,Y,N,3
79,Chiltern DC,,www.chiltern.gov.uk,SD,2 star,N,N,Y,N,N,Y,N,Y,Y,Y,N,Y,Y,Y,Y,Y,N,N,N,2
80,Chorley BC,,www.chorley.gov.uk,SD,2 star,Y,N,Y,N,Y,N,N,Y,Y,N,Y,N,Y,N,Y,Y,N,N,N,2
81,Christchurch BC,,www.dorsetforyou.com,SD,2 star,Y,Y,Y,N,N,N,N,Y,Y,N,N,N,Y,Y,N,Y,N,N/a,N/a,2
82,Clackmannanshire,,www.clacks.gov.uk,SU,2 star,Y,Y,N,Y,Y,Y,Y,N,N,Y,Y,N,N,N,Y,Y,N,Y,N,2
83,City of London,,www.cityoflondon.gov.uk,EU,1 star,N,N,Y,Y,N,Y,N,N,N,N,N,Y,N,N,N,N,N,Y,N,2
84,Colchester DC,,www.colchester.gov.uk,SD,3 star,Y,N,Y,N,Y,Y,Y,Y,Y,Y,Y,N,N,Y,Y,N,N,N,N,3
85,Coleraine BC,,www.colerainebc.gov.uk,IR,2 star,Y,N,N,Y,N,N,N,N,N,Y,N,N,N,Y,N,Y,N,N,N,2
86,Comhairle nan Eilean Siar,,www.cne-siar.gov.uk,SU,1 star,Y,N,N,Y,N,N,N,N,N,N,Y,N,N,N,N,N,Y,N,N,1
87,Conwy CBC,,www.conwy.gov.uk,WU,1 star,N,N,N,N,N,N,N,N,N,N,N,N,Y,N,Y,N,N,Y,N,1
88,Cookstown DC,,www.cookstown.gov.uk,IR,1 star,N,N,N,N,N,N,N,N,N,N,N,N,N,N,N,Y,N,N,N,1
89,Copeland BC,,www.copelandbc.gov.uk,SD,1 star,Y,N,N,Y,N,N,N,N,N,Y,N,N,N,Y,Y,Y,N,N,N,1
90,Corby BC,,www.corby.gov.uk,SD,1 star,Y,N,Y,N,N,N,N,N,N,N,Y,Y,N,N,Y,N,N,N,N,1
91,Cornwall ,,www.cornwall.gov.uk,EU,2 star,N,Y,Y,N,Y,Y,Y,Y,Y,N,N,N,N,Y,N,N,N,N,N,2
92,Cotswold DC,,www.cotswold.gov.uk,SD,2 star,Y,Y,Y,N,Y,Y,Y,N,Y,Y,Y,N,N,Y,N,N,N,Y,N,2
93,Coventry City,,www.coventry.gov.uk,MD,2 star,Y,Y,N,Y,Y,Y,Y,N,Y,Y,N,N,Y,Y,Y,Y,N,Y,N,2
94,Craigavon BC,,www.craigavon.gov.uk,IR,1 star,N,N,N,N,N,Y,N,N,N,N,N,N,Y,N,N,N,N,N,N,1
95,Craven DC,,www.cravendc.gov.uk,SD,1 star,N,N,Y,N,Y,N,N,Y,N,N,N,N,Y,N,N,Y,N,N,N,1
96,Crawley BC,,www.crawley.gov.uk,SD,3 star,Y,Y,N,N,Y,Y,Y,Y,Y,Y,Y,Y,Y,Y,Y,Y,N,N,N,2
97,Croydon,,www.croydon.gov.uk,LB,1 star,N,N,N,N,N,N,N,N,Y,N,N,Y,N,N,N,N,N,Y,N,2
98,Cumbria CC,,www.cumbria.gov.uk,CC,2 star,Y,Y,N,Y,Y,Y,Y,N,Y,Y,Y,Y,Y,Y,Y,N,N,N,N,2
99,Dacorum BC,,www.dacorum.gov.uk,SD,2 star,Y,Y,Y,N,N,Y,Y,N,Y,Y,Y,Y,Y,N,N,Y,N,Y,N,1
100,Darlington  BC,,www.darlington.gov.uk,EU,1 star,N,N,N,Y,Y,N,N,N,N,N,N,N,Y,N,Y,N,N,N,N,1
101,Dartford BC,,www.dartfordbc.gov.uk,SD,2 star,N,Y,N,Y,Y,Y,Y,Y,N,N,N,N,Y,Y,Y,N,N,Y,N,2
102,Daventry DC,,www.daventrydc.gov.uk,SD,2 star,Y,N,Y,N,N,N,N,Y,Y,Y,N,N,Y,N,N,N,N,Y,N,1
103,Denbighshire CC,,www.denbighshire.gov.uk,WU,1 star,N,Y,Y,N,N,N,N,Y,N,Y,N,Y,N,N,N,N,N,N,N,1
104,Derby City,,www.derby.gov.uk,EU,2 star,Y,N,N,Y,N,Y,N,Y,N,N,Y,Y,Y,Y,N,N,N,Y,N,2
105,Derbyshire CC,,www.derbyshire.gov.uk,CC,3 star,Y,Y,Y,N,Y,Y,Y,Y,Y,Y,Y,Y,Y,Y,Y,Y,N,N,N,3
106,Derbyshire Dales DC,,www.derbyshiredales.gov.uk,SD,2 star,Y,Y,Y,N,N,Y,Y,N,N,Y,Y,N,N,Y,Y,Y,N,Y,N,2
107,Derry,,www.derrycity.gov.uk,IR,1 star,N,N,N,N,N,N,N,N,N,N,N,N,Y,N,N,N,N,N,N,1
108,Devon CC,,www.devon.gov.uk,CC,2 star,Y,Y,Y,Y,N,N,Y,N,Y,N,Y,N,Y,N,N,N,N,N,N,2
109,Doncaster MBC,,www.doncaster.gov.uk,MD,2 star,Y,Y,Y,N,N,N,N,Y,Y,N,N,N,Y,N,N,Y,Y,Y,N,2
110,Dorset CC,,www.dorset-cc.gov.uk,CC,2 star,Y,Y,Y,Y,N,Y,Y,Y,Y,N,Y,Y,Y,Y,N,Y,N,N,N,2
111,Dover DC,,www.dover.gov.uk,SD,2 star,N,Y,Y,N,N,Y,N,Y,Y,Y,Y,N,Y,Y,Y,Y,N,N,N,2
112,Down DC,,www.downdc.gov.uk,IR,1 star,N,N,N,N,N,N,N,N,N,N,N,N,N,N,N,N,N,N,N,1
113,Dudley MBC,,www.dudley.gov.uk,MD,3 star,Y,Y,N,Y,N,Y,Y,Y,Y,N,Y,Y,N,Y,N,Y,N,Y,N,2
114,Dumfries & Galloway,,www.dumgal.gov.uk,SU,1 star,Y,N,N,Y,N,N,N,N,N,N,N,N,N,N,N,Y,N,Y,N,2
115,Dundee City,,www.dundeecity.gov.uk,SU,3 star,Y,Y,N,Y,N,N,N,Y,N,Y,N,N,Y,Y,Y,Y,N,N,N,3
116,Dungannon DC,,www.dungannon.gov.uk,IR,1 star,N,N,N,N,N,N,N,N,N,N,N,N,N,N,N,N,N,N,N,1
117,Durham ,,www.durham.gov.uk,EU,1 star,N,N,Y,N,N,N,N,N,N,Y,N,Y,N,N,N,N,N,Y,N,1
118,Ealing,,www.ealing.gov.uk,LB,2 star,Y,Y,Y,N,Y,Y,Y,Y,Y,N,N,Y,Y,N,N,N,Y,Y,N,2
119,East Ayrshire,,www.east-ayrshire.gov.uk,SU,2 star,N,Y,N,N,Y,N,N,Y,Y,N,N,N,Y,N,N,N,N,N,N,2
120,East Cambridgeshire DC,,www.eastcambs.gov.uk,SD,3 star,Y,Y,Y,N,Y,N,Y,Y,N,Y,Y,N,N,Y,Y,N,Y,N,N,3
121,East Devon DC,,www.eastdevon.gov.uk,SD,2 star,N,Y,N,N,Y,N,N,Y,Y,Y,N,Y,Y,Y,Y,Y,N,N,N,2
122,East Dorset DC,,www.eastdorsetdc.gov.uk,SD,2 star,Y,Y,Y,N,N,N,N,Y,Y,N,N,N,Y,Y,N,Y,N,N/a,N/a,2
123,East Dunbartonshire,,www.e-dunbarton.org.uk,SU,1 star,N,N,N,N,N,N,N,N,Y,N,N,Y,N,N,N,N,Y,N,N,1
124,East Hampshire DC,,www.easthants.gov.uk,SD,1 star,Y,Y,Y,N,N,N,N,N,N,Y,N,N,Y,Y,N,N,N,N,N,1
125,East Hertfordshire DC,,www.eastherts.gov.uk,SD,2 star,N,Y,Y,N,N,N,N,N,Y,N,N,N,Y,Y,N,Y,N,N,N,2
126,East Lindsey DC,,www.e-lindsey.gov.uk,SD,1 star,N,Y,Y,N,N,Y,N,Y,Y,N,N,Y,N,Y,N,N,N,N,N,1
127,East Lothian,,www.eastlothian.gov.uk,SU,2 star,Y,Y,N,N,Y,N,N,N,Y,Y,N,Y,Y,Y,Y,Y,N,Y,N,2
128,East Northamptonshire DC,,www.east-northamptonshire.gov.uk,SD,1 star,N,Y,Y,N,N,Y,N,Y,N,N,N,N,Y,Y,N,N,N,N,N,1
129,East Renfrewshire,,www.eastrenfrewshire.gov.uk,SU,3 star,Y,Y,N,Y,N,N,N,N,Y,Y,N,N,Y,N,Y,Y,Y,N,N,3
130,East Riding of Yorkshire,,www.east-riding-of-yorkshire.gov.uk,EU,1 star,Y,N,Y,Y,N,N,N,N,N,N,N,Y,N,N,N,N,N,N,N,1
131,East Staffordshire BC,,www.eaststaffsbc.gov.uk,SD,1 star,N,N,N,N,N,N,N,N,N,Y,N,Y,N,N,N,N,N,N,N,1
132,East Sussex CC,,www.eastsussexcc.gov.uk,CC,4 star,Y,Y,Y,Y,Y,Y,Y,Y,Y,Y,Y,N,Y,Y,Y,Y,Y,Y,N,3
133,Eastbourne BC,,www.eastbourne.gov.uk,SD,3 star,N,Y,Y,Y,Y,Y,Y,Y,Y,Y,N,N,Y,N,Y,Y,N,Y,N,3
134,Eastleigh BC,,www.eastleigh.gov.uk,SD,1 star,Y,Y,Y,N,N,Y,N,Y,N,N,Y,N,N,Y,N,N,N,N,N,1
135,Eden DC,,www.eden.gov.uk,SD,3 star,N,Y,N,Y,Y,Y,Y,N,Y,Y,Y,N,N,Y,Y,Y,N,Y,N,2
136,Edinburgh,,www.edinburgh.gov.uk,SU,2 star,Y,Y,N,Y,N,N,N,N,N,Y,Y,Y,N,Y,N,N,N,N,N,2
137,Elmbridge BC,,www.elmbridge.gov.uk,SD,3 star,Y,Y,Y,N,Y,Y,Y,Y,Y,Y,Y,Y,Y,Y,N,Y,Y,Y,N,2
138,Enfield,,www.enfield.gov.uk,LB,2 star,N,N,Y,N,Y,Y,N,N,Y,Y,N,N,Y,N,Y,Y,Y,Y,N,2
139,Epping Forest DC,,www.eppingforestdc.gov.uk,SD,3 star,Y,Y,Y,N,N,Y,Y,Y,Y,N,Y,N,Y,Y,Y,Y,N,Y,N,3
140,Epsom & Ewell BC,,www.epsom-ewell.gov.uk,SD,2 star,N,Y,Y,N,N,Y,N,Y,N,Y,Y,N,N,Y,N,Y,N,Y,N,2
141,Erewash BC,,www.erewash.gov.uk,SD,1 star,Y,Y,Y,Y,Y,N,N,N,Y,N,N,N,N,Y,Y,N,N,Y,N,1
142,Essex CC,,www.essexcc.gov.uk,CC,2 star,Y,Y,N,N,N,Y,N,N,Y,N,Y,N,Y,Y,N,N,N,N,N,2
143,Exeter City,,www.exeter.gov.uk,SD,4 star,Y,Y,N,Y,Y,Y,Y,Y,Y,Y,Y,N,Y,Y,Y,Y,Y,Y,N,3
144,Falkirk,,www.falkirk.gov.uk,SU,2 star,Y,N,N,Y,N,N,N,N,N,N,N,N,Y,Y,Y,N,N,Y,N,2
145,Fareham BC,,www.fareham.gov.uk,SD,2 star,Y,N,N,Y,Y,Y,Y,N,Y,N,Y,N,Y,Y,N,N,N,Y,Y,2
146,Fenland DC,,www.fenland.gov.uk,SD,2 star,N,Y,Y,Y,N,Y,N,N,N,N,N,N,N,Y,Y,N,N,Y,N,2
147,Fermanagh DC,,www.fermanagh.gov.uk,IR,1 star,N,N,N,N,N,N,N,N,N,N,N,N,N,Y,N,N,N,N,N,2
148,Fife,,www.fife.gov.uk,SU,2 star,Y,Y,N,N,N,Y,N,Y,N,N,N,N,Y,N,Y,N,N,Y,N,2
149,Flintshire CC,,www.flintshire.gov.uk,WU,1 star,Y,Y,N,N,Y,N,N,N,N,N,N,N,N,N,Y,Y,N,N,N,1
150,Forest Heath DC,,www.forest-heath.gov.uk,SD,2 star,N,Y,Y,N,N,Y,N,N,N,N,N,N,Y,Y,Y,Y,Y,Y,N,2
151,Forest of Dean DC,,www.fdean.gov.uk,SD,2 star,N,Y,Y,N,N,Y,N,N,Y,N,N,N,Y,N,N,Y,N,Y,N,2
152,Fylde BC,,www.fylde.gov.uk,SD,2 star,N,N,Y,Y,Y,Y,Y,N,Y,Y,Y,Y,N,N,Y,Y,N,N,N,2
153,Gateshead MBC,,www.gateshead.gov.uk,MD,2 star,N,Y,N,N,N,N,N,Y,N,Y,N,N,Y,N,N,Y,N,N,N,2
154,Gedling BC,,www.gedling.gov.uk,SD,2 star,N,N,Y,Y,N,N,N,N,N,N,Y,N,N,Y,Y,N,N,Y,N,2
155,Glasgow,,www.glasgow.gov.uk,SU,2 star,Y,N,Y,Y,N,N,N,N,Y,Y,N,Y,Y,N,N,Y,N,Y,N,3
156,Gloucester City,,www.glos-city.gov.uk,SD,1 star,N,N,N,N,N,N,N,N,N,N,N,N,N,N,N,N,N,N,N,1
157,Gloucestershire CC,,www.gloscc.gov.uk,CC,3 star,Y,Y,Y,Y,Y,Y,Y,Y,Y,Y,Y,Y,Y,Y,Y,Y,Y,N,N,3
158,Gosport BC,,www.gosport.gov.uk,SD,2 star,Y,Y,Y,N,Y,N,Y,Y,Y,N,Y,N,Y,Y,N,N,N,N,N,2
159,Gravesham BC,,www.gravesham.gov.uk,SD,1 star,N,N,Y,N,N,Y,N,Y,Y,N,N,N,N,N,N,N,N,N,N,1
160,Great Yarmouth BC,,www.great-yarmouth.gov.uk,SD,2 star,Y,N,Y,Y,N,N,N,N,Y,N,N,N,N,Y,Y,Y,N,N,N,2
161,Greenwich,,www.greenwich.gov.uk,LB,2 star,Y,Y,N,Y,N,Y,Y,N,Y,Y,N,N,Y,Y,Y,N,N,Y,N,2
162,Guildford BC,,www.guildford.gov.uk,SD,2 star,Y,N,Y,N,Y,N,N,Y,Y,Y,Y,N,Y,Y,N,N,N,N,N,1
163,Gwynedd CC,,www.gwynedd.gov.uk,WU,2 star,Y,Y,N,N,N,N,N,N,N,Y,N,N,N,Y,Y,N,N,Y,Y,2
164,Hackney,,www.hackney.gov.uk,LB,3 star,Y,Y,Y,Y,N,N,Y,Y,Y,N,Y,N,Y,N,Y,Y,Y,N,N,3
165,Halton BC,,www.halton-borough.gov.uk,EU,2 star,N,Y,N,N,N,Y,N,Y,N,N,Y,Y,N,Y,N,N,N,N,N,2
166,Hambleton DC,,www.hambleton.gov.uk,SD,3 star,Y,Y,Y,N,Y,Y,Y,Y,Y,Y,Y,Y,N,Y,Y,Y,Y,N,N,2
167,Hammersmith & Fulham,,www.lbhf.gov.uk,LB,3 star,N,Y,Y,Y,Y,Y,Y,Y,Y,Y,Y,N,Y,Y,Y,Y,N,N,N,3
168,Hampshire CC,,www.hants.gov.uk,CC,3 star,Y,Y,N,Y,N,Y,Y,Y,Y,N,Y,N,Y,Y,Y,Y,N,Y,N,3
169,Harborough DC,,www.harborough.gov.uk,SD,2 star,N,Y,Y,N,Y,N,N,N,Y,Y,Y,N,N,N,Y,N,N,Y,N,2
170,Haringey,,www.haringey.gov.uk,LB,3 star,N,Y,Y,N,N,Y,N,N,N,Y,N,N,Y,Y,Y,Y,Y,Y,N,3
171,Harlow DC,,www.harlow.gov.uk,SD,2 star,N,Y,Y,N,N,Y,N,Y,Y,Y,Y,Y,Y,Y,Y,Y,N,N,N,2
172,Harrogate BC,,www.harrogate.gov.uk,SD,2 star,Y,Y,Y,N,Y,Y,Y,Y,Y,Y,N,N,Y,Y,Y,Y,N,N,N,1
173,Harrow,,www.harrow.gov.uk,LB,2 star,Y,Y,Y,N,Y,N,N,N,Y,Y,Y,N,N,N,N,N,Y,N,N,2
174,Hart DC,,www.hart.gov.uk,SD,2 star,Y,Y,N,N,N,Y,N,Y,N,Y,Y,N,Y,N,N,Y,N,N,N,2
175,Hartlepool BC,,www.hartlepool.gov.uk,EU,1 star,N,Y,N,Y,N,Y,N,N,Y,Y,N,N,Y,N,Y,N,N,N,N,1
176,Hastings BC,,www.hastings.gov.uk,SD,2 star,N,Y,Y,Y,N,Y,Y,N,Y,Y,Y,N,N,Y,N,N,N,N,N,2
177,Havant BC,,www.havant.gov.uk,SD,1 star,Y,N,Y,N,N,N,N,N,N,N,N,Y,N,Y,N,N,N,N,N,1
178,Havering,,www.havering.gov.uk,LB,2 star,Y,Y,N,Y,N,N,N,N,N,Y,N,N,Y,Y,Y,N,N,N,N,2
179,Herefordshire,,www.herefordshire.gov.uk,EU,3 star,Y,Y,N,Y,N,Y,Y,Y,Y,Y,N,N,N,Y,Y,Y,N,Y,Y,2
180,Hertfordshire CC,,www.hertsdirect.org,CC,3 star,N,Y,Y,Y,N,Y,Y,Y,Y,Y,Y,N,Y,Y,Y,Y,N,N,N,2
181,Hertsmere BC,,www.hertsmere.gov.uk,SD,3 star,Y,Y,Y,N,Y,Y,Y,N,Y,N,Y,N,Y,Y,Y,N,N,N,N,3
182,High Peak BC,,www.highpeak.gov.uk,SD,2 star,Y,Y,Y,Y,Y,Y,Y,Y,Y,Y,Y,N,Y,Y,N,Y,N,N,N,2
183,Highland,,www.highland.gov.uk,SU,2 star,Y,N,N,N,N,N,N,N,N,Y,N,Y,N,Y,N,Y,N,Y,N,2
184,Hillingdon,,www.hillingdon.gov.uk,LB,3 star,Y,Y,Y,N,N,N,N,Y,Y,Y,N,N,Y,Y,Y,Y,Y,Y,Y,3
185,Hinckley & Bosworth BC,,www.hinckley-bosworth.gov.uk,SD,1 star,N,Y,Y,N,N,Y,N,Y,Y,N,N,N,N,Y,N,N,N,N,N,1
186,Horsham DC,,www.horsham.gov.uk,SD,2 star,N,Y,N,N,N,Y,N,N,Y,Y,N,N,Y,Y,N,Y,N,N,N,2
187,Hounslow,,www.hounslow.gov.uk,LB,2 star,Y,N,N,N,N,N,N,N,N,Y,N,N,Y,Y,Y,N,N,N,N,2
188,Huntingdonshire DC,,www.huntsdc.gov.uk,SD,2 star,N,Y,Y,N,N,Y,N,N,Y,Y,Y,N,Y,Y,Y,Y,N,N,N,2
189,Hyndburn BC,,www.hyndburnbc.gov.uk,SD,2 star,N,N,N,Y,N,Y,N,Y,Y,Y,N,N,N,Y,Y,Y,N,Y,N,2
190,Inverclyde,,www.inverclyde.gov.uk,SU,2 star,Y,N,N,Y,N,N,N,N,N,Y,N,N,N,Y,N,Y,N,N,N,2
191,Ipswich BC,,www.ipswich.gov.uk,SD,2 star,N,N,Y,Y,Y,N,N,Y,N,Y,N,N,Y,Y,N,N,N,Y,N,2
192,Isle of Anglesey CC,,www.anglesey.gov.uk,WU,1 star,N,N,N,N,N,N,N,N,N,N,N,Y,N,Y,N,Y,N,N,N,1
193,Isle of Wight,,www.iwight.com,EU,1 star,N,N,N,N,N,Y,N,N,N,Y,N,N,Y,N,N,N,N,N,N,1
194,Isles of Scilly,,www.scilly.gov.uk,EU,2 star,N,N,Y,N,N,N,N,N,N,N,N,N,N,Y,Y,Y,N,N,N,2
195,Islington,,www.islington.gov.uk,LB,3 star,Y,Y,Y,N,Y,Y,Y,Y,N,Y,N,N,Y,Y,Y,Y,Y,N,N,3
196,Kensington & Chelsea,,www.rbkc.gov.uk,LB,2 star,N,N,N,N,N,N,N,N,Y,N,N,Y,N,N,Y,N,N,Y,N,2
197,Kent CC,,www.kent.gov.uk,CC,2 star,Y,Y,Y,N,N,Y,Y,Y,Y,Y,N,N,Y,N,Y,Y,N,N,N,2
198,Kettering BC,,www.kettering.gov.uk,SD,2 star,Y,Y,Y,Y,Y,Y,Y,Y,Y,Y,Y,N,N,Y,Y,N,N,N,N,2
199,King's Lynn & West Norfolk BC,,www.west-norfolk.gov.uk,SD,2 star,N,Y,N,Y,N,N,N,N,N,N,N,Y,N,Y,Y,Y,N,N,N,2
200,Hull City Council,,www.hullcc.gov.uk,LB,2 star,Y,Y,Y,N,Y,Y,Y,Y,N,Y,Y,N,Y,N,Y,N,N,N,N,2
201,Kingston upon Thames,,www.kingston.gov.uk,LB,2 star,Y,Y,N,Y,N,N,N,N,Y,N,N,Y,N,N,Y,Y,N,Y,N,2
202,Kirklees MBC,,www.kirkleesmc.gov.uk,MD,3 star,Y,Y,Y,N,Y,Y,Y,N,N,Y,Y,N,N,Y,Y,Y,Y,Y,N,3
203,Knowsley MBC,,www.knowsley.gov.uk,MD,2 star,Y,Y,N,N,Y,Y,Y,N,Y,Y,N,Y,N,N,N,Y,N,Y,N,2
204,Lambeth,,http://www.lambeth.gov.uk/home.htm,LB,3 star,N,Y,N,Y,Y,Y,Y,Y,Y,N,N,N,Y,Y,Y,Y,N,Y,N,2
205,Lancashire CC,,www.lancashire.gov.uk,CC,3 star,N,Y,Y,Y,Y,Y,Y,Y,Y,N,Y,Y,Y,Y,Y,N,Y,N,N,2
206,Lancaster City,,www.lancaster.gov.uk,SD,2 star,Y,Y,Y,N,N,Y,Y,Y,Y,Y,N,Y,N,Y,Y,Y,N,N,N,2
207,Larne BC,,www.larne.com,IR,1 star,N,N,N,N,N,N,N,N,N,N,N,N,N,N,N,Y,N,N,N,2
208,Leeds City,,www.leeds.gov.uk,MD,2 star,Y,N,N,N,N,N,N,N,N,N,N,N,Y,Y,Y,Y,N,Y,N,2
209,Leicester City,,www.leicester.gov.uk,EU,3 star,Y,Y,Y,N,Y,Y,Y,Y,Y,Y,Y,N,Y,Y,Y,Y,N,N,N,3
210,Leicestershire CC,,www.leics.gov.uk,CC,3 star,Y,Y,Y,Y,Y,Y,Y,Y,Y,N,N,Y,Y,Y,Y,Y,N,Y,N,3
211,Lewes DC,,www.lewes.gov.uk,SD,2 star,Y,Y,N,N,N,N,N,N,Y,Y,N,Y,N,Y,Y,N,N,Y,N,1
212,Lewisham,,www.lewisham.gov.uk,LB,3 star,Y,Y,N,Y,Y,Y,Y,Y,Y,Y,N,Y,Y,Y,Y,Y,Y,N,N,3
213,Lichfield DC,,www.lichfield.gov.uk,SD,3 star,N,N,Y,N,Y,Y,N,Y,Y,Y,Y,N,Y,Y,Y,Y,N,N,N,3
214,Limavady BC,,www.limavady.gov.uk,IR,1 star,N,N,N,N,N,N,N,N,N,N,N,N,N,N,N,Y,N,N,N,1
215,Lincoln City,,www.lincoln.gov.uk,SD,3 star,Y,Y,Y,Y,Y,Y,Y,Y,Y,Y,Y,Y,Y,Y,Y,Y,N,N,N,2
216,Lincolnshire CC,,www.lincolnshire.gov.uk,CC,3 star,Y,Y,Y,N,Y,Y,Y,Y,Y,Y,N,N,N,Y,Y,Y,N,Y,N,3
217,Lisburn BC,,www.lisburn.gov.uk,IR,1 star,N,N,N,Y,N,N,N,N,N,N,N,N,N,N,N,Y,N,N,N,1
218,Liverpool City,,www.liverpool.gov.uk,MD,2 star,N,Y,Y,Y,N,Y,Y,Y,N,N,N,N,Y,Y,Y,Y,N,Y,N,2
219,Luton  BC,,www.luton.gov.uk,EU,2 star,Y,N,Y,N,N,Y,N,N,N,Y,N,N,Y,Y,Y,Y,N,Y,N,2
220,Magherafelt DC,,www.magherafelt.gov.uk,IR,1 star,N,N,Y,N,N,N,N,N,N,N,N,N,N,N,N,N,N,N,N,1
221,Maidstone BC,,www.maidstone.gov.uk,SD,1 star,N,Y,Y,N,N,Y,N,N,N,Y,N,N,N,Y,Y,N,N,Y,N,1
222,Maldon DC,,www.maldon.gov.uk,SD,2 star,Y,Y,Y,N,Y,Y,Y,N,Y,N,N,Y,Y,Y,Y,Y,N,N,N,2
223,Malvern Hills DC,,www.malvernhills.gov.uk,SD,2 star,N,Y,Y,N,N,N,N,N,Y,Y,N,N,N,N,N,Y,Y,Y,N,1
224,Manchester City,,www.manchester.gov.uk,MD,3 star,Y,Y,N,Y,Y,N,Y,Y,Y,Y,N,N,Y,Y,Y,Y,N,Y,N,2
225,Mansfield DC,,www.mansfield.gov.uk,SD,1 star,N,Y,N,Y,N,N,N,N,N,N,N,N,N,N,N,Y,N,Y,N,1
226,Medway ,,www.medway.gov.uk,EU,3 star,Y,Y,Y,N,Y,N,Y,Y,Y,Y,Y,N,Y,Y,Y,Y,N,N,N,2
227,Melton BC,,www.melton.gov.uk,SD,2 star,N,N,Y,N,N,Y,N,N,Y,Y,N,Y,Y,N,N,Y,N,N,N,2
228,Mendip DC,,www.mendip.gov.uk,SD,1 star,N,N,Y,N,Y,N,N,N,N,N,N,N,N,N,N,N,N,Y,N,1
229,Merthyr Tydfil CBC,,www.merthyr.gov.uk,WU,1 star,Y,N,N,Y,N,N,N,N,Y,Y,N,Y,Y,N,N,N,N,N,N,1
230,Merton,,www.merton.gov.uk,LB,2 star,Y,Y,Y,N,N,Y,Y,Y,Y,Y,N,N,Y,Y,N,N,N,Y,N,2
231,Mid Devon DC,,www.middevon.gov.uk,SD,2 star,N,Y,N,N,N,N,N,Y,N,N,N,Y,Y,N,Y,N,N,Y,N,2
232,Mid Suffolk DC,,http://www.midsuffolk.gov.uk/,SD,1 star,Y,N,N,N,Y,Y,N,N,N,N,Y,N,N,N,N,N,Y,N,N,1
233,Mid Sussex DC,,www.midsussex.gov.uk,SD,3 star,N,Y,N,N,Y,Y,N,Y,Y,Y,Y,N,Y,Y,N,Y,N,Y,N,3
234,Middlesbrough,,www.middlesbrough.gov.uk,EU,1 star,Y,Y,N,N,Y,Y,Y,N,Y,N,N,N,Y,N,N,N,N,Y,N,1
235,Midlothian,,www.midlothian.gov.uk,SU,1 star,N,N,N,N,N,N,N,N,Y,N,N,N,N,N,N,N,N,N,N,1
236,Milton Keynes,,http://www.milton-keynes.gov.uk/,EU,3 star,Y,Y,Y,Y,Y,Y,Y,Y,Y,N,Y,N,Y,Y,Y,Y,N,N,N,2
237,Mole Valley DC,,www.mole-valley.gov.uk,SD,1 star,Y,N,Y,N,N,N,N,N,N,N,Y,N,N,N,N,N,N,N,N,1
238,Monmouthshire CC,,www.monmouthshire.gov.uk,WU,2 star,Y,N,N,Y,N,Y,N,N,Y,N,N,Y,Y,N,N,N,N,Y,N,2
239,Moray,,www.moray.gov.uk,SU,2 star,Y,Y,Y,N,N,Y,Y,Y,Y,Y,Y,N,N,Y,Y,N,N,N,N,2
240,Moyle DC,,www.moyle-council.org,IR,1 star,N,N,N,N,N,N,N,N,Y,N,N,N,N,N,N,Y,N,N,Y,1
241,Neath Port Talbot CBC,,www.neath-porttalbot.gov.uk,WU,3 star,Y,Y,N,N,Y,Y,Y,Y,Y,Y,Y,N,N,Y,N,Y,N,Y,N,2
242,New Forest DC,,www.nfdc.gov.uk,SD,2 star,Y,Y,N,N,N,N,N,N,Y,Y,N,N,Y,N,N,N,N,Y,N,2
243,Newark & Sherwood DC,,www.newark-sherwooddc.gov.uk,SD,1 star,N,Y,N,N,Y,N,N,N,N,N,N,N,N,N,N,N,N,N,N,1
244,Newcastle upon Tyne City,,www.newcastle.gov.uk,MD,4 star,N,Y,N,Y,Y,Y,Y,Y,Y,Y,Y,N,Y,Y,Y,Y,Y,Y,N,3
245,Newcastle-under- Lyme BC,,www.newcastle-staffs.gov.uk,SD,3 star,Y,Y,N,Y,N,Y,Y,Y,N,Y,Y,N,Y,Y,N,Y,N,Y,N,3
246,Newham,,www.newham.gov.uk,LB,3 star,Y,N,Y,N,N,N,N,N,Y,Y,N,N,Y,Y,N,Y,N,Y,N,3
247,Newport CBC,,www.newport.gov.uk,WU,2 star,Y,N,Y,N,N,N,N,N,Y,N,N,N,Y,Y,N,N,N,N,N,2
248,Newry and Mourne DC,,www.newryandmourne.gov.uk,IR,1 star,N,N,N,N,N,N,N,N,N,N,N,N,N,N,N,N,N,N,N,1
249,Newtownabbey BC,,www.newtownabbey.gov.uk,IR,1 star,N,N,N,N,N,Y,N,N,N,N,N,N,N,N,N,Y,N,N,N,2
250,Norfolk CC,,www.norfolk.gov.uk,CC,2 star,Y,N,Y,N,Y,Y,Y,N,Y,N,N,Y,Y,Y,Y,Y,N,N,N,2
251,North Ayrshire ,,www.north-ayrshire.gov.uk,SU,2 star,Y,Y,Y,Y,Y,N,Y,N,N,N,N,N,Y,N,Y,Y,Y,N,N,2
252,North Devon DC   ,,www.northdevon.gov.uk ,SD,2 star,N,Y,Y,Y,Y,Y,Y,Y,Y,Y,Y,N,Y,N,Y,Y,N,N,N,2
253,North Dorset  DC ,,www.north-dorset.gov.uk,SD,1 star,N,Y,N,N,N,Y,N,Y,N,N,N,N,N,N,N,N,N,N,N,1
254,North Down DC,,www.northdown.gov.uk,IR,1 star,N,N,Y,N,N,N,N,N,N,N,N,N,N,N,N,N,N,N,Y,2
255,North East Derbyshire DC,,www.ne-derbyshire.gov.uk,SD,3 star,Y,Y,Y,Y,N,Y,Y,Y,Y,Y,Y,N,Y,Y,Y,Y,N,Y,N,2
256,North East Lincolnshire,,www.nelincs.gov.uk,EU,1 star,Y,Y,N,N,N,N,N,N,N,N,N,N,N,N,N,N,N,N,N,2
257,North Hertfordshire DC,,http://www.north-herts.gov.uk/,SD,2 star,N,N,Y,N,N,Y,N,Y,Y,Y,N,N,Y,Y,N,Y,N,Y,N,2
258,North Kesteven DC,,www.n-kesteven.gov.uk,SD,2 star,N,Y,Y,N,N,Y,N,Y,Y,N,Y,N,Y,Y,N,Y,N,Y,N,2
259,North Lanarkshire,,www.northlan.gov.uk,SU,2 star,Y,N,Y,N,Y,N,N,N,Y,N,N,Y,N,N,N,N,Y,Y,N,3
260,North Lincolnshire,,www.northlincs.gov.uk,EU,2 star,Y,N,Y,N,Y,N,N,N,N,N,Y,N,Y,Y,N,N,N,Y,N,2
261,North Norfolk DC,,www.north-norfolk.org,SD,1 star,N,Y,Y,N,N,N,N,N,N,N,N,N,N,N,N,N,N,N,N,1
262,North Somerset,,http://www.n-somerset.gov.uk/,EU,2 star,Y,Y,N,Y,Y,Y,Y,N,Y,N,Y,N,N,Y,N,Y,Y,N,N,2
263,North Tyneside MBC,,www.northtyneside.gov.uk,MD,1 star,Y,N,N,N,N,Y,N,Y,N,N,N,N,Y,N,Y,N,N,N,N,1
264,North Warwickshire BC,,www.northwarks.gov.uk,SD,2 star,Y,Y,Y,Y,Y,Y,Y,Y,Y,Y,Y,Y,Y,Y,N,N,N,Y,N,2
265,North West Leicestershire DC,,www.nwleicsdc.gov.uk,SD,1 star,N,Y,N,N,N,N,N,N,Y,Y,N,N,N,N,N,N,N,N,N,1
266,North Yorkshire CC,,www.northyorks.gov.uk,CC,3 star,Y,Y,Y,N,Y,Y,Y,Y,Y,Y,Y,N,Y,Y,Y,Y,Y,N,N,3
267,Northampton BC,,www.northampton.gov.uk,SD,2 star,Y,N,N,N,Y,Y,N,Y,N,Y,Y,Y,Y,Y,Y,Y,N,Y,N,2
268,Northamptonshire CC,,www.northamptonshire.gov.uk,CC,3 star,Y,Y,Y,N,N,Y,Y,Y,Y,N,N,Y,N,N,Y,Y,Y,N,N,3
269,Northumberland ,,www.northumberland.gov.uk,EU,2 star,Y,Y,Y,N,N,Y,Y,N,Y,N,Y,Y,N,N,Y,N,N,N,N,2
270,Norwich City,,www.norwich.gov.uk,SD,2 star,N,Y,Y,N,N,N,N,N,N,N,Y,N,N,Y,Y,N,N,N,N,2
271,Nottingham City,,www.nottinghamcity.gov.uk,EU,1 star,N,N,Y,N,N,Y,N,N,N,N,N,N,N,N,N,Y,N,N,N,2
272,Nottinghamshire CC,,www.nottscc.gov.uk,CC,3 star,N,Y,Y,Y,N,N,N,Y,Y,N,N,Y,Y,Y,Y,Y,N,Y,N,3
273,Nuneaton & Bedworth  BC,,www.nuneatonandbedworth.gov.uk,SD,1 star,N,Y,Y,N,N,N,N,Y,Y,N,Y,N,N,N,N,N,N,N,N,1
274,Oadby & Wigston BC,,www.oadby-wigston.gov.uk,SD,1 star,N,Y,Y,N,N,Y,N,N,Y,N,N,Y,N,N,N,N,N,N,N,1
275,Oldham MBC,,www.oldham.gov.uk,MD,1 star,N,Y,N,Y,N,Y,N,N,N,Y,N,N,N,N,Y,N,N,N,N,2
276,Omagh DC,,www.omagh.gov.uk,IR,1 star,N,N,N,N,N,N,N,N,N,N,Y,N,N,N,N,Y,N,N,N,2
277,Orkney Islands,,www.orkney.gov.uk,SU,1 star,Y,N,N,N,Y,N,N,N,Y,Y,N,N,N,Y,N,N,N,N,N,1
278,Oxford City,,www.oxford.gov.uk,SD,2 star,N,Y,Y,Y,N,Y,Y,Y,Y,N,N,N,Y,Y,N,N,N,N,N,2
279,Oxfordshire CC,,www.oxfordshire.gov.uk,CC,4 star,Y,Y,Y,Y,Y,Y,Y,Y,Y,Y,Y,N,Y,Y,Y,Y,Y,Y,N,3
280,Pembrokeshire CC,,www.pembrokeshire.gov.uk,WU,2 star,Y,N,N,Y,N,N,N,N,N,Y,N,N,N,N,Y,Y,N,N,N,2
281,Pendle BC,,www.pendle.gov.uk,SD,2 star,N,Y,Y,Y,N,Y,N,N,N,N,Y,Y,N,Y,N,N,N,Y,N,2
282,Perth & Kinross,,www.pkc.gov.uk,SU,2 star,Y,Y,N,Y,Y,Y,Y,N,N,N,N,Y,Y,Y,Y,N,N,N,N,3
283,Peterborough City,,www.peterborough.gov.uk,EU,1 star,N,Y,Y,N,N,Y,N,N,Y,N,Y,N,N,N,N,N,N,N,N,2
284,Plymouth City,,www.plymouth.gov.uk,EU,2 star,N,Y,Y,Y,N,Y,Y,Y,Y,Y,Y,N,N,N,N,N,N,N,N,2
285,Poole BC,,www.poole.gov.uk,EU,2 star,N,Y,N,N,N,N,N,N,Y,Y,N,N,N,Y,N,N,N,N,N,2
286,Portsmouth City,,www.portsmouth.gov.uk,EU,2 star,Y,Y,N,N,N,Y,N,Y,Y,Y,N,N,Y,N,N,Y,N,Y,N,2
287,Powys CC,,www.powys.gov.uk,WU,2 star,Y,Y,N,N,Y,Y,Y,N,Y,Y,N,N,N,Y,Y,Y,N,N,N,2
288,Preston City,,www.preston.gov.uk,SD,3 star,Y,Y,Y,Y,N,Y,Y,Y,Y,Y,Y,Y,N,Y,Y,Y,N,Y,N,3
289,Purbeck DC,,www.purbeck-dc.gov.uk,SD,1 star,N,N,Y,N,N,N,N,N,Y,N,N,Y,N,N,N,N,N,N,N,2
290,Reading BC,,www.reading.gov.uk,EU,1 star,N,N,N,N,N,N,N,N,N,N,N,N,N,N,N,N,N,N,N,1
291,Redbridge,,www.redbridge.gov.uk,LB,3 star,N,Y,Y,N,N,Y,N,N,Y,Y,Y,N,Y,Y,Y,Y,Y,N,N,3
292,Redcar & Cleveland,,www.redcar-cleveland.gov.uk,EU,2 star,Y,N,Y,N,N,Y,N,N,Y,Y,Y,N,Y,Y,N,Y,N,Y,N,2
293,Redditch BC,,www.redditchbc.gov.uk,SD,1 star,N,N,N,N,N,N,N,N,N,N,N,N,N,N,N,Y,N,N,N,1
294,Reigate & Banstead BC,,www.reigate-banstead.gov.uk,SD,2 star,Y,N,N,N,N,Y,N,Y,Y,Y,Y,Y,Y,N,N,Y,N,Y,N,2
295,Renfrewshire,,www.renfrewshire.gov.uk,SU,2 star,Y,Y,N,Y,N,N,N,N,Y,Y,N,N,N,N,N,Y,Y,N,N,2
296,Rhondda Cynon Taf CBC,,www.rhondda-cynon-taff.gov.uk,WU,3 star,Y,Y,Y,N,Y,Y,Y,N,Y,Y,Y,N,N,Y,Y,Y,N,N,N,3
297,Ribble Valley BC,,www.ribblevalley.gov.uk,SD,1 star,N,Y,Y,N,Y,N,N,Y,N,Y,N,N,N,N,Y,N,N,Y,N,1
298,Richmond upon Thames,,www.richmond.gov.uk,LB,3 star,Y,Y,Y,Y,Y,Y,Y,Y,Y,Y,N,N,Y,Y,Y,Y,Y,Y,N,3
299,Richmondshire DC,,www.richmondshire.gov.uk,SD,1 star,N,Y,Y,N,N,N,N,N,Y,N,N,N,N,Y,Y,N,N,N,N,1
300,Rochdale MBC,,www.rochdale.gov.uk,MD,3 star,N,Y,Y,Y,Y,Y,Y,Y,Y,Y,N,N,Y,Y,Y,Y,Y,N,N,3
301,Rochford DC,,www.rochford.gov.uk,SD,3 star,Y,N,Y,Y,Y,Y,Y,Y,Y,Y,Y,N,Y,Y,Y,N,N,N,N,3
302,Rossendale BC,,www.rossendale.gov.uk,SD,2 star,N,Y,Y,N,Y,N,N,N,N,Y,N,N,N,Y,Y,Y,N,Y,N,2
303,Rother DC,,www.rother.gov.uk,SD,2 star,N,Y,Y,N,N,Y,N,Y,Y,Y,N,Y,Y,N,Y,Y,N,N,N,2
304,Rotherham MBC,,www.rotherham.gov.uk,MD,3 star,Y,Y,Y,Y,N,Y,Y,Y,Y,Y,N,N,N,Y,Y,Y,Y,N,N,3
305,Rugby BC,,www.rugby.gov.uk,SD,2 star,N,Y,N,N,Y,Y,N,N,N,Y,Y,N,N,Y,N,N,N,Y,N,2
306,Runnymede BC,,www.runnymede.gov.uk,SD,1 star,Y,Y,N,N,N,N,N,N,N,N,N,N,N,N,N,N,N,N,N,1
307,Rushcliffe BC,,www.rushcliffe.gov.uk,SD,2 star,N,Y,N,N,N,Y,N,N,Y,Y,Y,N,N,N,N,N,N,Y,N,2
308,Rushmoor BC,,www.rushmoor.gov.uk,SD,3 star,Y,Y,Y,N,Y,Y,Y,Y,Y,N,Y,Y,Y,Y,Y,Y,N,Y,N,2
309,Rutland CC,,www.rutland.gov.uk,EU,1 star,N,N,N,N,Y,Y,N,N,N,N,N,Y,N,Y,N,N,N,N,N,1
310,Ryedale DC,,www.ryedale.gov.uk,SD,3 star,N,Y,Y,Y,Y,Y,Y,N,Y,Y,Y,Y,N,Y,Y,Y,Y,Y,N,2
311,Salford City,,www.salford.gov.uk,MD,4 star,Y,Y,Y,Y,Y,Y,Y,Y,Y,Y,Y,N,Y,Y,Y,Y,Y,Y,N,3
312,Sandwell MBC,,www.sandwell.gov.uk,MD,2 star,Y,Y,N,N,N,Y,N,Y,Y,N,N,N,N,Y,Y,Y,N,Y,N,2
313,Scarborough BC,,www.scarborough.gov.uk,SD,3 star,N,Y,Y,N,Y,Y,Y,Y,Y,N,N,N,Y,Y,Y,Y,N,Y,N,2
314,Scottish Borders,,www.scotborders.gov.uk,SU,1 star,Y,N,Y,Y,N,N,N,N,N,N,N,N,N,N,N,N,Y,N,N,1
315,Sedgemoor DC,,www.sedgemoor.gov.uk,SD,1 star,N,Y,N,N,N,N,N,N,N,N,N,N,N,N,N,N,N,Y,N,1
316,Sefton MBC,,www.sefton.gov.uk,MD,3 star,Y,Y,Y,Y,Y,Y,Y,Y,Y,Y,Y,N,Y,N,Y,Y,Y,Y,N,3
317,Selby DC,,www.selby.gov.uk,SD,2 star,N,Y,Y,Y,N,Y,Y,Y,N,Y,N,N,Y,N,Y,N,N,N,N,1
318,Sevenoaks DC,,www.sevenoaks.gov.uk,SD,2 star,N,Y,Y,N,N,Y,N,Y,Y,N,Y,N,N,Y,N,Y,N,N,N,2
319,Sheffield City,,www.sheffield.gov.uk ,MD,3 star,Y,Y,Y,Y,Y,Y,Y,Y,Y,N,N,Y,Y,Y,Y,Y,N,Y,N,3
320,Shepway DC,,www.shepway.gov.uk,SD,2 star,N,Y,Y,N,Y,Y,Y,Y,Y,Y,N,N,Y,N,Y,N,N,Y,N,1
321,Shetland Islands,,www.shetland.gov.uk,SU,1 star,Y,N,N,N,N,N,N,N,N,Y,N,N,N,N,N,N,N,Y,N,1
322,Shropshire ,,www.shropshire.gov.uk,EU,3 star,N,Y,Y,Y,Y,Y,Y,Y,N,Y,Y,Y,Y,Y,Y,Y,N,Y,N,3
323,Slough BC,,www.slough.gov.uk,EU,1 star,N,N,N,N,N,N,N,N,Y,Y,N,N,Y,N,N,N,N,Y,N,1
324,Solihull MBC,,www.solihull.gov.uk,MD,3 star,Y,Y,Y,N,Y,Y,Y,Y,Y,Y,N,N,Y,Y,Y,Y,N,Y,N,3
325,Somerset CC,,www.somerset.gov.uk,CC,1 star,Y,N,N,Y,N,N,N,N,N,N,Y,N,N,N,N,N,N,N,N,1
326,South Ayrshire,,www.south-ayrshire.gov.uk,SU,3 star,Y,Y,Y,Y,Y,N,Y,Y,Y,Y,Y,Y,Y,Y,Y,N,Y,Y,N,3
327,South Bucks DC,,www.southbucks.gov.uk,SD,2 star,Y,Y,N,N,N,N,N,N,N,Y,N,N,Y,N,Y,N,N,Y,N,2
328,South Cambridgeshire DC,,www.scambs.gov.uk,SD,2 star,N,Y,Y,N,N,N,N,N,Y,Y,N,N,Y,Y,N,N,N,Y,N,2
329,South Derbyshire DC,,www.south-derbys.gov.uk,SD,3 star,Y,Y,Y,Y,N,Y,Y,Y,Y,Y,Y,N,Y,Y,Y,Y,N,Y,N,2
330,South Gloucestershire,,www.southglos.gov.uk,EU,3 star,Y,Y,N,Y,Y,Y,Y,N,Y,Y,Y,Y,N,Y,Y,N,Y,Y,N,2
331,South Hams DC,,www.south-hams-dc.gov.uk,SD,1 star,N,Y,N,N,Y,N,N,N,N,N,N,N,Y,N,N,Y,N,N,N,1
332,South Holland DC,,www.sholland.gov.uk,SD,3 star,Y,Y,Y,N,Y,Y,Y,Y,Y,N,Y,N,Y,Y,Y,Y,N,Y,N,3
333,South Kesteven DC,,www.skdc.com,SD,2 star,N,N,N,N,N,Y,N,Y,Y,Y,Y,Y,Y,N,N,Y,Y,Y,N,2
334,South Lakeland DC,,www.southlakeland.gov.uk,SD,3 star,Y,Y,N,Y,N,Y,Y,Y,Y,N,Y,Y,N,Y,Y,Y,N,Y,N,2
335,South Lanarkshire,,www.southlanarkshire.gov.uk,SU,3 star,Y,N,N,Y,N,Y,N,Y,N,N,N,Y,Y,Y,Y,Y,Y,N,N,3
336,South Norfolk DC,,www.south-norfolk.gov.uk,SD,3 star,Y,N,Y,N,Y,N,N,N,Y,Y,Y,Y,N,Y,Y,Y,N,N,N,3
337,South Northamptonshire DC,,www.southnorthants.gov.uk,SD,1 star,N,Y,Y,N,N,N,N,N,Y,Y,N,N,Y,N,N,Y,N,N,N,1
338,South Oxfordshire DC,,www.southoxon.gov.uk,SD,3 star,Y,Y,Y,N,Y,Y,Y,Y,Y,Y,Y,N,Y,Y,N,Y,N,Y,N,2
339,South Ribble BC,,www.southribble.gov.uk,SD,1 star,N,N,N,N,Y,N,N,N,N,N,Y,Y,N,N,N,Y,N,Y,N,1
340,South Somerset DC,,www.southsomerset.gov.uk,SD,2 star,N,Y,Y,N,Y,Y,Y,Y,Y,Y,N,Y,Y,N,N,N,N,N,N,2
341,South Staffordshire DC,,www.sstaffs.gov.uk,SD,2 star,Y,Y,Y,N,N,Y,Y,Y,Y,N,Y,N,Y,Y,Y,N,N,N,N,2
342,South Tyneside MBC,,www.southtyneside.info,MD,4 star,Y,Y,Y,Y,Y,Y,Y,Y,Y,Y,Y,N,Y,Y,Y,Y,Y,Y,N,3
343,Southampton City,,www.southampton.gov.uk,EU,2 star,Y,N,N,Y,N,Y,N,Y,N,Y,Y,N,Y,Y,Y,Y,N,Y,N,2
344,Southend-on-Sea BC,,www.southend.gov.uk,EU,2 star,N,Y,Y,Y,N,N,N,Y,Y,Y,N,N,N,Y,Y,N,Y,Y,N,2
345,Southwark,,www.southwark.gov.uk,LB,2 star,Y,N,Y,Y,Y,Y,Y,Y,Y,N,Y,N,Y,Y,Y,N,N,N,N,2
346,Spelthorne BC,,www.spelthorne.gov.uk,SD,2 star,Y,Y,Y,N,Y,Y,Y,Y,Y,Y,Y,N,Y,N,N,Y,N,N,N,2
347,St. Albans City,,www.stalbans.gov.uk,SD,2 star,Y,N,Y,Y,N,Y,Y,Y,Y,N,N,Y,Y,Y,Y,Y,N,N,N,2
348,St Edmundsbury,,www.stedmundsbury.gov.uk,SD,2 star,Y,N,Y,N,N,Y,N,Y,Y,N,N,N,N,N,Y,N,N,N,N,2
349,St. Helens MBC,,www.sthelens.gov.uk,MD,1 star,Y,Y,N,Y,N,Y,N,N,N,N,Y,N,Y,N,N,N,N,Y,N,1
350,Stafford BC,,www.staffordbc.gov.uk,SD,2 star,N,Y,Y,N,N,N,N,Y,Y,Y,N,N,Y,Y,N,N,N,N,N,2
351,Staffordshire CC,,www.staffordshire.gov.uk,CC,3 star,Y,Y,Y,N,N,N,N,Y,Y,Y,N,Y,Y,N,Y,Y,Y,N,N,3
352,Staffordshire Moorlands DC,,www.staffsmoorlands.gov.uk,SD,3 star,N,Y,Y,N,N,Y,N,Y,Y,Y,N,Y,Y,Y,Y,N,N,Y,N,3
353,Stevenage BC,,www.stevenage.gov.uk,SD,3 star,N,Y,Y,N,N,Y,N,N,Y,Y,N,N,Y,N,Y,Y,N,Y,N,3
354,Stirling,,www.stirling.gov.uk,SU,3 star,Y,Y,Y,Y,N,N,Y,N,Y,Y,N,Y,Y,Y,Y,Y,N,N,N,3
355,Stockport MBC,,www.stockport.gov.uk,MD,2 star,Y,Y,Y,N,N,Y,Y,N,Y,Y,N,Y,Y,Y,Y,N,N,N,N,2
356,Stockton-on-Tees BC,,www.stockton.gov.uk,EU,2 star,Y,Y,Y,Y,N,Y,Y,N,Y,Y,N,Y,Y,Y,Y,N,N,Y,N,2
357,Stoke-on-Trent City,,www.stoke.gov.uk,EU,2 star,Y,N,N,N,Y,N,N,N,Y,N,N,N,N,Y,Y,N,N,N,N,2
358,Strabane DC,,www.strabanedc.org.uk,IR,1 star,N,N,N,Y,N,N,N,N,N,N,N,N,N,N,N,N,N,N,N,1
359,Stratford-on-Avon DC,,www.stratford.gov.uk,SD,2 star,Y,Y,N,N,Y,Y,N,Y,N,N,Y,N,N,N,Y,N,N,Y,N,2
360,Stroud DC,,www.stroud.gov.uk,SD,3 star,Y,Y,Y,N,Y,Y,Y,N,Y,Y,Y,Y,Y,Y,N,Y,N,Y,N,3
361,Suffolk Coastal DC,,www.suffolkcoastal.gov.uk,SD,2 star,Y,Y,Y,N,Y,N,Y,Y,N,N,N,N,N,Y,Y,N,N,Y,N,2
362,Suffolk CC,,www.suffolk.gov.uk,CC,2 star,Y,Y,N,N,N,Y,N,N,Y,N,N,N,N,N,Y,Y,N,Y,N,2
363,Sunderland City,,www.sunderland.gov.uk,MD,2 star,Y,N,N,Y,Y,Y,Y,Y,N,Y,Y,Y,Y,N,Y,N,N,N,N,2
364,Surrey CC,,www.surreycc.gov.uk,CC,3 star,Y,Y,Y,Y,N,Y,Y,Y,Y,Y,N,N,Y,Y,Y,Y,N,Y,N,3
365,Surrey Heath BC,,www.surreyheath.gov.uk,SD,2 star,N,Y,N,N,N,N,N,Y,Y,Y,N,N,N,Y,Y,Y,N,N,N,2
366,Sutton,,www.sutton.gov.uk,LB,3 star,N,Y,Y,Y,Y,Y,Y,N,Y,Y,Y,N,Y,N,N,N,Y,Y,N,3
367,Swale BC,,www.swale.gov.uk,SD,1 star,Y,N,N,N,N,N,N,Y,N,N,N,N,Y,N,N,N,N,N,N,1
368,Swansea,,www.swansea.gov.uk,WU,3 star,Y,Y,N,N,Y,Y,Y,N,Y,Y,N,N,N,Y,Y,Y,N,N,N,3
369,Swindon BC,,www.swindon.gov.uk,EU,2 star,Y,Y,Y,Y,Y,N,Y,N,N,N,Y,N,Y,Y,N,N,N,Y,N,2
370,Tameside MBC,,www.tameside.gov.uk,MD,3 star,Y,Y,N,Y,N,Y,Y,N,Y,Y,Y,Y,Y,Y,Y,N,Y,N,N,3
371,Tamworth BC,,www.tamworth.gov.uk,SD,2 star,N,Y,N,N,N,N,N,Y,N,N,N,N,Y,Y,Y,Y,N,N,N,2
372,Tandridge DC,,www.tandridge.gov.uk,SD,2 star,N,Y,Y,N,N,Y,N,Y,Y,Y,Y,Y,Y,Y,N,Y,N,Y,N,2
373,Taunton Deane BC,,www.tauntondeane.gov.uk,SD,1 star,Y,N,Y,N,N,N,N,N,N,N,N,Y,Y,N,N,N,N,N,N,1
374,Teignbridge DC,,www.teignbridge.gov.uk,SD,2 star,N,Y,N,Y,N,Y,N,Y,Y,Y,Y,N,Y,Y,Y,Y,N,N,N,2
375,Telford & Wrekin,,www.telford.gov.uk,EU,1 star,Y,Y,Y,N,N,Y,N,N,N,N,N,N,Y,N,N,N,Y,Y,N,1
376,Tendring DC,,www.tendringdc.gov.uk,SD,2 star,N,Y,Y,N,N,Y,N,Y,Y,N,N,Y,Y,N,N,Y,N,N,N,2
377,Test Valley BC,,www.testvalley.gov.uk,SD,1 star,Y,Y,Y,N,N,N,N,Y,N,N,N,N,Y,Y,N,Y,N,N,N,1
378,Tewkesbury BC,,www.tewkesburybc.gov.uk,SD,2 star,Y,Y,Y,N,Y,Y,Y,Y,Y,Y,N,Y,N,Y,N,Y,N,N,N,2
379,Thanet DC,,www.thanet.gov.uk,SD,2 star,Y,N,Y,Y,N,Y,Y,Y,Y,Y,N,Y,Y,N,N,N,N,N,N,2
380,Three Rivers DC,,www.threerivers.gov.uk,SD,2 star,N,Y,Y,N,N,Y,N,Y,Y,N,N,N,Y,Y,N,Y,N,N,N,2
381,Thurrock BC,,www.thurrock.gov.uk,EU,3 star,Y,Y,Y,N,N,Y,Y,Y,Y,Y,Y,N,Y,Y,Y,N,Y,Y,N,2
382,Tonbridge & Malling BC,,www.tmbc.gov.uk,SD,2 star,Y,N,Y,N,N,Y,N,Y,Y,Y,Y,Y,Y,N,N,N,N,N,N,1
383,Torbay,,www.torbay.gov.uk,EU,3 star,Y,Y,Y,N,Y,Y,Y,Y,Y,Y,N,N,Y,Y,Y,Y,Y,N,N,2
384,Torfaen CBC,,www.torfaen.gov.uk,WU,2 star,N,Y,N,N,N,Y,N,N,Y,Y,N,Y,Y,N,N,Y,Y,N,N,2
385,Torridge DC,,www.torridge.gov.uk,SD,2 star,N,Y,N,N,Y,N,N,Y,N,N,N,N,Y,Y,Y,Y,N,N,N,2
386,Tower Hamlets,,www.towerhamlets.gov.uk,LB,3 star,Y,Y,Y,N,Y,N,Y,N,Y,N,N,N,N,Y,Y,N,N,Y,N,3
387,Trafford MBC,,www.trafford.gov.uk,MD,3 star,N,Y,N,Y,N,N,N,N,Y,N,N,N,Y,Y,Y,Y,Y,Y,N,3
388,Tunbridge Wells BC,,www.tunbridgewells.gov.uk,SD,2 star,N,N,Y,N,Y,Y,N,N,Y,Y,Y,N,Y,N,N,N,N,Y,N,1
389,Uttlesford DC,,www.uttlesford.gov.uk,SD,2 star,N,Y,Y,Y,N,Y,Y,N,Y,Y,N,N,Y,Y,N,Y,N,N,N,2
390,Vale of Glamorgan,,www.valeofglamorgan.gov.uk,WU,2 star,Y,N,N,N,Y,Y,N,N,Y,Y,N,N,Y,N,Y,Y,N,Y,N,2
391,Vale of White Horse DC,,www.whitehorsedc.gov.uk,SD,2 star,Y,Y,N,N,N,Y,N,Y,N,N,N,Y,N,Y,N,Y,N,N,N,2
392,Wakefield MDC,,www.wakefield.gov.uk,MD,3 star,Y,Y,Y,Y,Y,Y,Y,N,Y,Y,Y,N,Y,Y,Y,N,Y,N,N,3
393,Walsall MBC,,www.walsall.gov.uk,MD,2 star,Y,N,N,N,Y,Y,N,Y,Y,N,N,N,N,Y,N,Y,N,N,N,2
394,Waltham Forest,,www.lbwf.gov.uk,LB,3 star,Y,Y,Y,N,N,Y,Y,N,Y,N,Y,N,Y,Y,Y,N,Y,Y,N,3
395,Wandsworth,,www.wandsworth.gov.uk,LB,2 star,N,N,N,Y,Y,Y,N,Y,N,N,Y,N,Y,Y,Y,N,N,Y,N,2
396,Warrington BC,,www.warrington.gov.uk,EU,1 star,Y,N,N,Y,Y,Y,N,N,Y,Y,N,Y,Y,Y,N,N,N,N,N,1
397,Warwick DC,,www.warwickdc.gov.uk,SD,2 star,N,Y,Y,N,N,N,N,Y,Y,N,N,N,Y,Y,N,Y,N,Y,N,2
398,Warwickshire CC,,www.warwickshire.gov.uk,CC,3 star,Y,Y,Y,Y,N,Y,Y,Y,Y,Y,Y,N,Y,Y,Y,Y,N,N,N,3
399,Watford BC,,www.watford.gov.uk,SD,3 star,Y,Y,Y,N,N,N,N,N,Y,Y,Y,N,Y,Y,Y,Y,Y,N,N,3
400,Waveney DC,,www.waveney.gov.uk,SD,2 star,Y,Y,Y,N,N,N,N,Y,Y,Y,Y,N,N,N,Y,Y,N,N,N,2
401,Waverley BC,,www.waverley.gov.uk,SD,2 star,N,Y,Y,N,Y,N,N,Y,Y,Y,N,N,Y,Y,N,N,N,N,N,2
402,Wealden DC,,www.wealden.gov.uk,SD,2 star,N,N,Y,N,N,Y,N,Y,N,N,Y,N,N,Y,Y,N,N,N,N,2
403,Wellingborough BC,,www.wellingborough.gov.uk,SD,2 star,N,Y,Y,N,Y,Y,Y,N,Y,Y,N,N,N,Y,Y,N,N,N,N,1
404,Welwyn Hatfield DC,,www.welhat.gov.uk,SD,2 star,Y,Y,Y,N,N,Y,Y,N,Y,Y,Y,N,Y,Y,N,Y,N,N,N,2
405,West Berkshire,,www.westberks.gov.uk,EU,2 star,N,N,N,N,Y,N,N,N,N,Y,N,N,Y,Y,N,Y,N,N,N,2
406,West Devon BC,,www.westdevon.gov.uk,SD,2 star,N,N,Y,N,Y,Y,N,N,Y,Y,Y,Y,Y,N,Y,N,N,N,N,1
407,West Dorset DC,,www.westdorset-dc.gov.uk,SD,2 star,Y,Y,Y,N,N,N,N,Y,Y,N,N,N,N,Y,N,Y,N,N/a,N/a,2
408,West Dunbartonshire,,www.west-dunbarton.gov.uk,SU,1 star,Y,N,N,Y,N,N,N,N,N,Y,N,N,N,N,N,Y,N,N,N,1
409,West Lancashire DC,,www.westlancsdc.gov.uk,SD,3 star,Y,Y,Y,N,Y,Y,Y,Y,Y,Y,Y,N,Y,Y,Y,Y,N,N,N,3
410,West Lindsey DC,,www.west-lindsey.gov.uk,SD,2 star,N,Y,Y,N,N,Y,N,Y,Y,Y,Y,N,Y,Y,N,Y,N,N,N,2
411,West Lothian,,www.westlothian.gov.uk,SU,3 star,Y,Y,Y,Y,N,Y,Y,N,N,Y,N,N,Y,Y,Y,Y,N,Y,N,3
412,West Oxfordshire DC,,www.westoxon.gov.uk,SD,2 star,N,Y,Y,N,N,Y,N,N,Y,Y,N,N,N,Y,N,Y,N,N,N,2
413,West Somerset DC,,www.west.somerset.gov.uk,SD,1 star,N,N,N,N,N,Y,N,Y,N,N,N,N,N,Y,N,N,N,N,N,1
414,West Sussex CC,,www.westsussex.gov.uk,CC,3 star,Y,Y,Y,Y,N,Y,Y,Y,Y,Y,Y,Y,Y,Y,Y,Y,Y,N,N,2
415,Westminster,,www.westminster.gov.uk,LB,2 star,N,Y,Y,N,Y,Y,Y,Y,Y,N,N,N,Y,N,Y,N,Y,N,N,2
416,Weymouth & Portland BC,,www.weymouth.gov.uk,SD,1 star,N,Y,Y,Y,N,N,N,N,Y,Y,N,N,N,Y,N,N,N,N,N,1
417,Wigan MBC,,www.wiganmbc.gov.uk,MD,2 star,Y,Y,N,Y,N,Y,Y,N,Y,N,Y,N,N,Y,Y,N,N,Y,N,2
418,Wiltshire ,,www.wiltshire.gov.uk,EU,2 star,Y,N,Y,N,Y,Y,Y,Y,N,N,Y,N,Y,N,Y,Y,N,Y,N,2
419,Winchester City,,www.winchester.gov.uk,SD,2 star,Y,Y,N,N,N,N,N,Y,N,Y,N,N,N,N,N,Y,N,N,N,2
420,Windsor & Maidenhead,,www.rbwm.gov.uk,EU,2 star,Y,Y,Y,Y,N,N,N,N,N,Y,N,N,Y,Y,N,N,N,Y,N,2
421,Wirral MBC,,www.wirral.gov.uk,MD,2 star,N,N,N,N,Y,Y,N,Y,Y,N,N,N,Y,Y,Y,Y,N,Y,N,2
422,Woking BC,,www.woking.gov.uk,SD,2 star,Y,Y,N,N,Y,Y,N,N,N,Y,N,N,N,Y,N,N,N,Y,N,2
423,Wokingham,,www.wokingham.gov.uk,EU,1 star,Y,N,N,N,N,N,N,N,N,Y,N,Y,N,N,N,Y,N,N,N,1
424,Wolverhampton MBC,,www.wolverhampton.gov.uk,MD,2 star,Y,Y,Y,N,N,N,N,Y,N,Y,N,Y,Y,Y,Y,Y,N,Y,N,2
425,Worcester City,,www.cityofworcester.gov.uk,SD,2 star,N,N,Y,N,Y,Y,N,Y,Y,Y,N,N,N,Y,N,Y,N,Y,N,2
426,Worcestershire CC,,www.worcestershire.gov.uk,CC,2 star,Y,Y,N,Y,N,Y,Y,N,Y,Y,Y,N,N,N,Y,Y,N,Y,N,2
427,Worthing BC,,www.worthing.gov.uk,SD,4 star,Y,Y,Y,Y,N,Y,Y,Y,Y,Y,Y,N,Y,Y,Y,Y,Y,Y,N,3
428,Wrexham  CBC,,www.wrexham.gov.uk,WU,3 star,Y,Y,Y,Y,Y,Y,Y,Y,Y,Y,Y,Y,Y,Y,Y,N,N,Y,N,2
429,Wychavon DC,,www.wychavon.gov.uk,SD,2 star,N,Y,N,N,N,Y,N,Y,N,N,N,N,N,N,N,Y,N,Y,N,2
430,Wycombe DC,,www.wycombe.gov.uk,SD,2 star,Y,Y,Y,N,N,N,N,Y,Y,Y,N,N,Y,N,Y,N,Y,Y,N,2
431,Wyre BC,,www.wyrebc.gov.uk,SD,3 star,Y,Y,Y,N,Y,Y,Y,N,Y,Y,Y,Y,Y,Y,Y,Y,N,Y,N,2
432,Wyre Forest  DC,,www.wyreforestdc.gov.uk,SD,2 star,N,Y,Y,N,Y,Y,Y,Y,N,Y,N,Y,Y,N,Y,Y,N,Y,N,2
433,York,,www.york.gov.uk,EU,3 star,Y,Y,Y,N,N,Y,Y,Y,Y,Y,N,N,N,Y,Y,Y,Y,Y,N,3